income_groups,year,population
high_income,1086,2449441
high_income,1087,2463492
high_income,1088,2477625
high_income,1089,2491838
high_income,1090,2506133
high_income,1091,2520510
high_income,1092,2534969
high_income,1093,2549511
high_income,1094,2564137
high_income,1095,2578847
high_income,1096,2593640
high_income,1097,2608519
high_income,1098,2623484
high_income,1099,2638534
high_income,1100,3355416
high_income,1101,2668893
high_income,1102,2684204
high_income,1103,2699602
high_income,1104,2715089
high_income,1105,2730664
high_income,1106,2746329
high_income,1107,2762084
high_income,1108,2777929
high_income,1109,2793865
high_income,1110,2809893
high_income,1111,2826012
high_income,1112,2842224
high_income,1113,2858529
high_income,1114,2874928
high_income,1115,2891420
high_income,1116,2908007
high_income,1117,2924689
high_income,1118,2941467
high_income,1119,2958342
high_income,1120,2975313
high_income,1121,2992381
high_income,1122,3009547
high_income,1123,3026812
high_income,1124,3044176
high_income,1125,3061639
high_income,1126,3079203
high_income,1127,3096867
high_income,1128,3114633
high_income,1129,3132501
high_income,1130,3150471
high_income,1131,3168544
high_income,1132,3186721
high_income,1133,3205002
high_income,1134,3223388
high_income,1135,3241880
high_income,1136,3260477
high_income,1137,3279181
high_income,1138,3297993
high_income,1139,3316912
high_income,1140,3335940
high_income,1141,3355078
high_income,1142,3374325
high_income,1143,3393682
high_income,1144,3413150
high_income,1145,3432731
high_income,1146,3452423
high_income,1147,3472228
high_income,1148,3492147
high_income,1149,3512181
high_income,1150,3532329
high_income,1151,3552593
high_income,1152,3572973
high_income,1153,3593470
high_income,1154,3614084
high_income,1155,3634817
high_income,1156,3655669
high_income,1157,3676640
high_income,1158,3697732
high_income,1159,3718945
high_income,1160,3740279
high_income,1161,3761736
high_income,1162,3783315
high_income,1163,3805019
high_income,1164,3826847
high_income,1165,3848801
high_income,1166,3870880
high_income,1167,3893086
high_income,1168,3915419
high_income,1169,3937881
high_income,1170,3960471
high_income,1171,3983191
high_income,1172,4006041
high_income,1173,4029022
high_income,1174,4052136
high_income,1175,4075381
high_income,1176,4098760
high_income,1177,4122274
high_income,1178,4145922
high_income,1179,4169706
high_income,1180,4193626
high_income,1181,4217683
high_income,1182,4241879
high_income,1183,4266213
high_income,1184,4290687
high_income,1185,4315301
high_income,1186,4340056
high_income,1187,4364954
high_income,1188,4389994
high_income,1189,4415178
high_income,1190,4440507
high_income,1191,4477272
high_income,1192,4514342
high_income,1193,4551719
high_income,1194,4589405
high_income,1195,4627403
high_income,1196,4665716
high_income,1197,4704346
high_income,1198,4743296
high_income,1199,4782568
high_income,1200,4822166
high_income,1201,4862091
high_income,1202,4902347
high_income,1203,4942936
high_income,1204,4983861
high_income,1205,5025126
high_income,1206,5066731
high_income,1207,5108682
high_income,1208,5150979
high_income,1209,5193627
high_income,1210,5236628
high_income,1211,5279985
high_income,1212,5323701
high_income,1213,5367779
high_income,1214,5412222
high_income,1215,5457032
high_income,1216,5502214
high_income,1217,5547770
high_income,1218,5593703
high_income,1219,5640016
high_income,1220,5686713
high_income,1221,5698751
high_income,1222,5710814
high_income,1223,5722902
high_income,1224,5735016
high_income,1225,5747156
high_income,1226,5759321
high_income,1227,5771512
high_income,1228,5783729
high_income,1229,5795972
high_income,1230,5808241
high_income,1231,5820536
high_income,1232,5832856
high_income,1233,5845203
high_income,1234,5857576
high_income,1235,5869975
high_income,1236,5882400
high_income,1237,5894852
high_income,1238,5907330
high_income,1239,5919835
high_income,1240,5932366
high_income,1241,5944923
high_income,1242,5957507
high_income,1243,5970118
high_income,1244,5982755
high_income,1245,5995419
high_income,1246,6008110
high_income,1247,6020828
high_income,1248,6033572
high_income,1249,6046344
high_income,1250,6059143
high_income,1251,6068803
high_income,1252,6078478
high_income,1253,6088169
high_income,1254,6097875
high_income,1255,6107597
high_income,1256,6117335
high_income,1257,6127087
high_income,1258,6136856
high_income,1259,6146640
high_income,1260,6156439
high_income,1261,6166254
high_income,1262,6176085
high_income,1263,6185932
high_income,1264,6195794
high_income,1265,6205672
high_income,1266,6215565
high_income,1267,6225475
high_income,1268,6235400
high_income,1269,6245341
high_income,1270,6255298
high_income,1271,6265271
high_income,1272,6275259
high_income,1273,6285264
high_income,1274,6295284
high_income,1275,6305321
high_income,1276,6315373
high_income,1277,6325442
high_income,1278,6335526
high_income,1279,6345627
high_income,1280,6385989
high_income,1281,6426608
high_income,1282,6467485
high_income,1283,6508622
high_income,1284,6550021
high_income,1285,6591683
high_income,1286,6633610
high_income,1287,6675804
high_income,1288,6718266
high_income,1289,6760998
high_income,1290,6804002
high_income,1291,6800543
high_income,1292,6797086
high_income,1293,6793631
high_income,1294,6790177
high_income,1295,6786725
high_income,1296,6783275
high_income,1297,6779827
high_income,1298,6776381
high_income,1299,6772936
high_income,1300,7869493
high_income,1301,6766051
high_income,1302,6762612
high_income,1303,6759174
high_income,1304,6755738
high_income,1305,6752304
high_income,1306,6748871
high_income,1307,6745440
high_income,1308,6742011
high_income,1309,6738584
high_income,1310,6735158
high_income,1311,6731735
high_income,1312,6728313
high_income,1313,6724892
high_income,1314,6721474
high_income,1315,6718057
high_income,1316,6631566
high_income,1317,6546189
high_income,1318,6461911
high_income,1319,6378718
high_income,1320,6296596
high_income,1321,6215532
high_income,1322,6135511
high_income,1323,6056520
high_income,1324,5978546
high_income,1325,5901576
high_income,1326,5941442
high_income,1327,5981577
high_income,1328,6021983
high_income,1329,6062661
high_income,1330,6103615
high_income,1331,6144845
high_income,1332,6186354
high_income,1333,6228143
high_income,1334,6270215
high_income,1335,6312570
high_income,1336,6355212
high_income,1337,6398142
high_income,1338,6441362
high_income,1339,6484874
high_income,1340,6528679
high_income,1341,6572781
high_income,1342,6617180
high_income,1343,6661880
high_income,1344,6706881
high_income,1345,6752187
high_income,1346,6797798
high_income,1347,6843718
high_income,1348,6889947
high_income,1349,6740030
high_income,1350,4571949
high_income,1351,3724296
high_income,1352,3718682
high_income,1353,3713077
high_income,1354,3707480
high_income,1355,3701891
high_income,1356,3696311
high_income,1357,3690740
high_income,1358,3685176
high_income,1359,3679621
high_income,1360,3674075
high_income,1361,3668537
high_income,1362,3663007
high_income,1363,3657486
high_income,1364,3651973
high_income,1365,3646468
high_income,1366,3640971
high_income,1367,3635483
high_income,1368,3630003
high_income,1369,3624531
high_income,1370,3619068
high_income,1371,3613613
high_income,1372,3608166
high_income,1373,3602727
high_income,1374,3597296
high_income,1375,3591874
high_income,1376,3586460
high_income,1377,3581054
high_income,1378,3552531
high_income,1379,3524236
high_income,1380,3496167
high_income,1381,3468321
high_income,1382,3440696
high_income,1383,3413292
high_income,1384,3386106
high_income,1385,3359136
high_income,1386,3332382
high_income,1387,3305840
high_income,1388,3279510
high_income,1389,3253389
high_income,1390,3227477
high_income,1391,3201771
high_income,1392,3176270
high_income,1393,3150971
high_income,1394,3125875
high_income,1395,3100978
high_income,1396,3076279
high_income,1397,3051777
high_income,1398,3027471
high_income,1399,3003358
high_income,1400,2979437
high_income,1401,2976531
high_income,1402,2973628
high_income,1403,2970728
high_income,1404,2967831
high_income,1405,2964937
high_income,1406,2962046
high_income,1407,2959157
high_income,1408,2956271
high_income,1409,2953388
high_income,1410,2950508
high_income,1411,2947631
high_income,1412,2944756
high_income,1413,3288885
high_income,1414,2939016
high_income,1415,2936150
high_income,1416,2933286
high_income,1417,2930426
high_income,1418,2927568
high_income,1419,2924713
high_income,1420,2921861
high_income,1421,2919011
high_income,1422,2916165
high_income,1423,2913321
high_income,1424,2910480
high_income,1425,2907641
high_income,1426,2904806
high_income,1427,2901973
high_income,1428,2899143
high_income,1429,2896316
high_income,1430,2893491
high_income,1431,2884645
high_income,1432,2875825
high_income,1433,2867032
high_income,1434,2858266
high_income,1435,2849527
high_income,1436,2840814
high_income,1437,2832129
high_income,1438,2823469
high_income,1439,2814837
high_income,1440,2806230
high_income,1441,2797650
high_income,1442,2789096
high_income,1443,2780569
high_income,1444,2772067
high_income,1445,2763592
high_income,1446,2755142
high_income,1447,2746718
high_income,1448,2738320
high_income,1449,2729948
high_income,1450,2721601
high_income,1451,2729647
high_income,1452,2737718
high_income,1453,2745812
high_income,1454,2753931
high_income,1455,2762073
high_income,1456,2770239
high_income,1457,2778430
high_income,1458,2786644
high_income,1459,2794883
high_income,1460,2803147
high_income,1461,2811435
high_income,1462,2819747
high_income,1463,2828084
high_income,1464,2836445
high_income,1465,2844832
high_income,1466,2853243
high_income,1467,2861679
high_income,1468,2870139
high_income,1469,2878625
high_income,1470,2887136
high_income,1471,2895672
high_income,1472,2904234
high_income,1473,2912820
high_income,1474,2921432
high_income,1475,2930070
high_income,1476,2938733
high_income,1477,2947422
high_income,1478,2956136
high_income,1479,2964876
high_income,1480,2973642
high_income,1481,2982434
high_income,1482,2991252
high_income,1483,3000096
high_income,1484,3008966
high_income,1485,3017862
high_income,1486,3026785
high_income,1487,3035734
high_income,1488,3044709
high_income,1489,3053711
high_income,1490,3062740
high_income,1491,3239795
high_income,1492,3080877
high_income,1493,3089986
high_income,1494,3099122
high_income,1495,3108285
high_income,1496,3117475
high_income,1497,3126692
high_income,1498,3135937
high_income,1499,3145208
high_income,1500,3154507
high_income,1501,3163834
high_income,1502,3173188
high_income,1503,3182570
high_income,1504,3191980
high_income,1505,3201417
high_income,1506,3210882
high_income,1507,3220376
high_income,1508,3229897
high_income,1509,3239447
high_income,1510,3249024
high_income,1511,3258630
high_income,1512,3268265
high_income,1513,3277928
high_income,1514,3287619
high_income,1515,3297340
high_income,1516,3307089
high_income,1517,3316866
high_income,1518,3326673
high_income,1519,3336509
high_income,1520,3346373
high_income,1521,3356267
high_income,1522,3366190
high_income,1523,3399281
high_income,1524,3432696
high_income,1525,3466440
high_income,1526,3500516
high_income,1527,3534927
high_income,1528,3569676
high_income,1529,3604766
high_income,1530,3640202
high_income,1531,3675986
high_income,1532,3712121
high_income,1533,3748612
high_income,1534,3785462
high_income,1535,3822673
high_income,1536,3860251
high_income,1537,3898198
high_income,1538,3936518
high_income,1539,3975214
high_income,1540,4014292
high_income,1541,4053753
high_income,1542,4077913
high_income,1543,4102217
high_income,1544,4126666
high_income,1545,4151261
high_income,1546,4176002
high_income,1547,4200891
high_income,1548,4225928
high_income,1549,4251114
high_income,1550,4276450
high_income,1551,4301938
high_income,1552,4327577
high_income,1553,4353369
high_income,1554,4379315
high_income,1555,4405815
high_income,1556,4431671
high_income,1557,4458084
high_income,1558,4484653
high_income,1559,4511382
high_income,1560,4538269
high_income,1561,4565317
high_income,1562,4592526
high_income,1563,4619897
high_income,1564,4647431
high_income,1565,4675130
high_income,1566,4702993
high_income,1567,4731023
high_income,1568,4759219
high_income,1569,4787584
high_income,1570,4816118
high_income,1571,5483822
high_income,1572,5516489
high_income,1573,5549352
high_income,1574,5582411
high_income,1575,5796096
high_income,1576,5829600
high_income,1577,5863305
high_income,1578,5897213
high_income,1579,5931326
high_income,1580,5965644
high_income,1581,6014813
high_income,1582,6064405
high_income,1583,6114427
high_income,1584,6164883
high_income,1585,6215773
high_income,1586,6267104
high_income,1587,6318882
high_income,1588,6371107
high_income,1589,6423786
high_income,1590,6476925
high_income,1591,6505215
high_income,1592,6533639
high_income,1593,6562201
high_income,1594,6590899
high_income,1595,6619733
high_income,1596,6648706
high_income,1597,6677820
high_income,1598,6707073
high_income,1599,6736470
high_income,1600,99767545
high_income,1601,99935548
high_income,1602,100104384
high_income,1603,100274064
high_income,1604,100444588
high_income,1605,100615962
high_income,1606,100788193
high_income,1607,100961285
high_income,1608,101135250
high_income,1609,101310082
high_income,1610,101485796
high_income,1611,101648306
high_income,1612,101811522
high_income,1613,101975452
high_income,1614,102140099
high_income,1615,102305465
high_income,1616,102471557
high_income,1617,102638383
high_income,1618,102805943
high_income,1619,102974248
high_income,1620,103143302
high_income,1621,103312453
high_income,1622,103482362
high_income,1623,103653033
high_income,1624,103824471
high_income,1625,103996687
high_income,1626,104169686
high_income,1627,104343475
high_income,1628,104518062
high_income,1629,104693458
high_income,1630,104869673
high_income,1631,105037022
high_income,1632,105198724
high_income,1633,105356295
high_income,1634,105520278
high_income,1635,105686245
high_income,1636,105855695
high_income,1637,106030790
high_income,1638,106207718
high_income,1639,106386573
high_income,1640,106566250
high_income,1641,106737732
high_income,1642,106904628
high_income,1643,107074491
high_income,1644,107241430
high_income,1645,107404061
high_income,1646,107580879
high_income,1647,107755971
high_income,1648,107932504
high_income,1649,108105020
high_income,1650,108254194
high_income,1651,108386137
high_income,1652,108543706
high_income,1653,108704156
high_income,1654,108871481
high_income,1655,109040630
high_income,1656,109211077
high_income,1657,109381864
high_income,1658,109496695
high_income,1659,109625412
high_income,1660,109751755
high_income,1661,109882282
high_income,1662,110004036
high_income,1663,110135386
high_income,1664,110269567
high_income,1665,110404898
high_income,1666,110535511
high_income,1667,110660975
high_income,1668,110785441
high_income,1669,110921789
high_income,1670,111060869
high_income,1671,111229291
high_income,1672,111383676
high_income,1673,111542907
high_income,1674,111694738
high_income,1675,111821005
high_income,1676,111954175
high_income,1677,112104983
high_income,1678,112257168
high_income,1679,112406894
high_income,1680,112570426
high_income,1681,112699632
high_income,1682,112829500
high_income,1683,112962847
high_income,1684,113148266
high_income,1685,113329929
high_income,1686,113514911
high_income,1687,113702763
high_income,1688,113891713
high_income,1689,114080455
high_income,1690,114258895
high_income,1691,114434907
high_income,1692,114622924
high_income,1693,114811882
high_income,1694,114995108
high_income,1695,115190519
high_income,1696,115380819
high_income,1697,115553030
high_income,1698,115729258
high_income,1699,115931845
high_income,1700,116198534
high_income,1701,116583007
high_income,1702,116975882
high_income,1703,117366611
high_income,1704,117757512
high_income,1705,118143135
high_income,1706,118525939
high_income,1707,118924832
high_income,1708,119320443
high_income,1709,119694144
high_income,1710,120008562
high_income,1711,120345473
high_income,1712,120743210
high_income,1713,121143219
high_income,1714,121545549
high_income,1715,121947923
high_income,1716,122346292
high_income,1717,122726278
high_income,1718,123127034
high_income,1719,123518981
high_income,1720,123922345
high_income,1721,124312377
high_income,1722,124694342
high_income,1723,125084291
high_income,1724,125474386
high_income,1725,125866025
high_income,1726,126260323
high_income,1727,126651025
high_income,1728,127039511
high_income,1729,127433119
high_income,1730,127838678
high_income,1731,128294208
high_income,1732,128751871
high_income,1733,129211502
high_income,1734,129671499
high_income,1735,130135202
high_income,1736,130589546
high_income,1737,131044435
high_income,1738,131516721
high_income,1739,131988118
high_income,1740,132439885
high_income,1741,132878989
high_income,1742,133309085
high_income,1743,133741068
high_income,1744,134219245
high_income,1745,134701313
high_income,1746,135178341
high_income,1747,135654117
high_income,1748,136133877
high_income,1749,136568113
high_income,1750,137048526
high_income,1751,137562825
high_income,1752,138079366
high_income,1753,138598706
high_income,1754,139123336
high_income,1755,139649390
high_income,1756,140176097
high_income,1757,140698669
high_income,1758,141217381
high_income,1759,141743664
high_income,1760,142282580
high_income,1761,142815884
high_income,1762,143346170
high_income,1763,143872542
high_income,1764,144405522
high_income,1765,144990601
high_income,1766,145536654
high_income,1767,146089496
high_income,1768,146643580
high_income,1769,147197370
high_income,1770,147755236
high_income,1771,148351476
high_income,1772,148936527
high_income,1773,149494142
high_income,1774,150076658
high_income,1775,150701239
high_income,1776,151327919
high_income,1777,151956475
high_income,1778,152587201
high_income,1779,153222526
high_income,1780,153868525
high_income,1781,154521040
high_income,1782,155167841
high_income,1783,155813246
high_income,1784,156459284
high_income,1785,157111345
high_income,1786,157769704
high_income,1787,158434919
high_income,1788,159106424
high_income,1789,159779525
high_income,1790,160450536
high_income,1791,161161475
high_income,1792,161894926
high_income,1793,162645770
high_income,1794,163403081
high_income,1795,164161798
high_income,1796,164920668
high_income,1797,165686303
high_income,1798,166460678
high_income,1799,167239437
high_income,1800,224094646
high_income,1801,224875493
high_income,1802,225669491
high_income,1803,226479633
high_income,1804,227298452
high_income,1805,228123930
high_income,1806,228953553
high_income,1807,229783520
high_income,1808,230613260
high_income,1809,231435093
high_income,1810,232256830
high_income,1811,233131733
high_income,1812,234033226
high_income,1813,234944135
high_income,1814,235863479
high_income,1815,236798916
high_income,1816,237752270
high_income,1817,238716589
high_income,1818,239686610
high_income,1819,240662281
high_income,1820,241644628
high_income,1821,243772691
high_income,1822,245913307
high_income,1823,248065687
high_income,1824,250232588
high_income,1825,252413346
high_income,1826,254531199
high_income,1827,256612302
high_income,1828,258689951
high_income,1829,260742507
high_income,1830,262791323
high_income,1831,264863750
high_income,1832,266920372
high_income,1833,268986583
high_income,1834,270998945
high_income,1835,273274764
high_income,1836,275471158
high_income,1837,277723192
high_income,1838,279997573
high_income,1839,282314131
high_income,1840,284664681
high_income,1841,287187349
high_income,1842,289695319
high_income,1843,292138197
high_income,1844,294666093
high_income,1845,297226418
high_income,1846,299696198
high_income,1847,301613541
high_income,1848,303148156
high_income,1849,305016343
high_income,1850,307072563
high_income,1851,309494601
high_income,1852,312244244
high_income,1853,315035406
high_income,1854,317656551
high_income,1855,320406947
high_income,1856,323189286
high_income,1857,326053134
high_income,1858,328984001
high_income,1859,331960907
high_income,1860,335024661
high_income,1861,338082713
high_income,1862,341149027
high_income,1863,344305478
high_income,1864,347496276
high_income,1865,350665343
high_income,1866,353590028
high_income,1867,356549418
high_income,1868,359340092
high_income,1869,362734649
high_income,1870,365299334
high_income,1871,367485385
high_income,1872,370642428
high_income,1873,374250137
high_income,1874,377953443
high_income,1875,381709929
high_income,1876,385817141
high_income,1877,389965360
high_income,1878,393943896
high_income,1879,398078613
high_income,1880,401983355
high_income,1881,406050633
high_income,1882,410116604
high_income,1883,414239233
high_income,1884,418596346
high_income,1885,422787170
high_income,1886,426935440
high_income,1887,431108884
high_income,1888,435477736
high_income,1889,439987185
high_income,1890,444382821
high_income,1891,448507290
high_income,1892,452747122
high_income,1893,456951977
high_income,1894,461448343
high_income,1895,465974164
high_income,1896,470720926
high_income,1897,475693909
high_income,1898,480726169
high_income,1899,485688182
high_income,1900,490528208
high_income,1901,495757164
high_income,1902,501362645
high_income,1903,506850755
high_income,1904,512383156
high_income,1905,517836859
high_income,1906,523374645
high_income,1907,529019797
high_income,1908,534951514
high_income,1909,540969199
high_income,1910,547216817
high_income,1911,553118317
high_income,1912,558439961
high_income,1913,564229347
high_income,1914,570227408
high_income,1915,573589883
high_income,1916,576416019
high_income,1917,578686143
high_income,1918,579687135
high_income,1919,576839560
high_income,1920,581470305
high_income,1921,588309778
high_income,1922,594500697
high_income,1923,601536614
high_income,1924,608580805
high_income,1925,615036263
high_income,1926,621439612
high_income,1927,627617597
high_income,1928,633681405
high_income,1929,639385167
high_income,1930,645607860
high_income,1931,651384569
high_income,1932,656776095
high_income,1933,661965113
high_income,1934,667218042
high_income,1935,672895833
high_income,1936,678102952
high_income,1937,683754089
high_income,1938,689379855
high_income,1939,695266693
high_income,1940,698545151.2
high_income,1941,701448199.4
high_income,1942,706043303.6
high_income,1943,709984608.8
high_income,1944,714075205
high_income,1945,714638413.2
high_income,1946,719043136.4
high_income,1947,728478259.6
high_income,1948,738954436.8
high_income,1949,748617753
high_income,1950,760730866
high_income,1951,769406353
high_income,1952,778810639
high_income,1953,788721968
high_income,1954,798961542
high_income,1955,809393487
high_income,1956,819926768
high_income,1957,830513296
high_income,1958,841142198
high_income,1959,851830398
high_income,1960,862593992
high_income,1961,873418024
high_income,1962,884229765
high_income,1963,894887391
high_income,1964,905212238
high_income,1965,915083785
high_income,1966,924428080
high_income,1967,933293143
high_income,1968,941832850
high_income,1969,950272431
high_income,1970,958774575
high_income,1971,967396993
high_income,1972,976090446
high_income,1973,984782433
high_income,1974,993356189
high_income,1975,1001730826
high_income,1976,1009890482
high_income,1977,1017878887
high_income,1978,1025745407
high_income,1979,1033562064
high_income,1980,1041382340
high_income,1981,1049215461
high_income,1982,1057048435
high_income,1983,1064884922
high_income,1984,1072723722
high_income,1985,1080559794
high_income,1986,1088397233
high_income,1987,1096226805
high_income,1988,1104012149
high_income,1989,1111704966
high_income,1990,1119267835
high_income,1991,1126700063
high_income,1992,1134004876
high_income,1993,1141155821
high_income,1994,1148122448
high_income,1995,1154891202
high_income,1996,1161464861
high_income,1997,1167875597
high_income,1998,1174179400
high_income,1999,1180450797
high_income,2000,1186757080
high_income,2001,1193072627
high_income,2002,1199416328
high_income,2003,1205948074
high_income,2004,1212872877
high_income,2005,1220312705
high_income,2006,1228352382
high_income,2007,1236884009
high_income,2008,1245597351
high_income,2009,1254032554
high_income,2010,1261935269
high_income,2011,1269159539
high_income,2012,1275780221
high_income,2013,1281910378
high_income,2014,1287744451
high_income,2015,1293425759
high_income,2016,1298971225
high_income,2017,1304328682
high_income,2018,1309494160
high_income,2019,1314451628
high_income,2020,1319190617
high_income,2021,1323718494
high_income,2022,1328048731
high_income,2023,1332182900
high_income,2024,1336121446
high_income,2025,1339865658
high_income,2026,1343420044
high_income,2027,1346789320
high_income,2028,1349975428
high_income,2029,1352979845
high_income,2030,1355805521
high_income,2031,1358456530
high_income,2032,1360939777
high_income,2033,1363264696
high_income,2034,1365442524
high_income,2035,1367483389
high_income,2036,1369393692
high_income,2037,1371179181
high_income,2038,1372848635
high_income,2039,1374411261
high_income,2040,1375875091
high_income,2041,1377245052
high_income,2042,1378525498
high_income,2043,1379722683
high_income,2044,1380842872
high_income,2045,1381890537
high_income,2046,1382870936
high_income,2047,1383784632
high_income,2048,1384625348
high_income,2049,1385383395
high_income,2050,1386052315
high_income,2051,1386632446
high_income,2052,1387128512
high_income,2053,1387543957
high_income,2054,1387883676
high_income,2055,1388152627
high_income,2056,1388354399
high_income,2057,1388492929
high_income,2058,1388574401
high_income,2059,1388605838
high_income,2060,1388594176
high_income,2061,1388544394
high_income,2062,1388462248
high_income,2063,1388356430
high_income,2064,1388236610
high_income,2065,1388111201
high_income,2066,1387985661
high_income,2067,1387864195
high_income,2068,1387752240
high_income,2069,1387654939
high_income,2070,1387576548
high_income,2071,1387520378
high_income,2072,1387488704
high_income,2073,1387483097
high_income,2074,1387504364
high_income,2075,1387552870
high_income,2076,1387629428
high_income,2077,1387733891
high_income,2078,1387864127
high_income,2079,1388017012
high_income,2080,1388189685
high_income,2081,1388380367
high_income,2082,1388587722
high_income,2083,1388809730
high_income,2084,1389044270
high_income,2085,1389289004
high_income,2086,1389542060
high_income,2087,1389800712
high_income,2088,1390060542
high_income,2089,1390316468
high_income,2090,1390564207
high_income,2091,1390800872
high_income,2092,1391024718
high_income,2093,1391234817
high_income,2094,1391430425
high_income,2095,1391610605
high_income,2096,1391774037
high_income,2097,1391918931
high_income,2098,1392043018
high_income,2099,1392143514
high_income,2100,1392217204
low_income,1600,16627956
low_income,1601,16659750
low_income,1602,16691606
low_income,1603,16723526
low_income,1604,16755510
low_income,1605,16787556
low_income,1606,16819665
low_income,1607,16851838
low_income,1608,16884074
low_income,1609,16916374
low_income,1610,16948739
low_income,1611,16981168
low_income,1612,17013660
low_income,1613,17046217
low_income,1614,17078838
low_income,1615,17111521
low_income,1616,17144271
low_income,1617,17177086
low_income,1618,17209966
low_income,1619,17242910
low_income,1620,17275920
low_income,1621,17308994
low_income,1622,17342136
low_income,1623,17375341
low_income,1624,17408613
low_income,1625,17441949
low_income,1626,17475352
low_income,1627,17508821
low_income,1628,17542357
low_income,1629,17575958
low_income,1630,17609628
low_income,1631,17643362
low_income,1632,17677164
low_income,1633,17711032
low_income,1634,17744967
low_income,1635,17778970
low_income,1636,17813038
low_income,1637,17847176
low_income,1638,17881380
low_income,1639,17915651
low_income,1640,17949992
low_income,1641,17984399
low_income,1642,18018876
low_income,1643,18053420
low_income,1644,18088031
low_income,1645,18122711
low_income,1646,18157462
low_income,1647,18192279
low_income,1648,18227166
low_income,1649,18262123
low_income,1650,18297147
low_income,1651,18332241
low_income,1652,18367406
low_income,1653,18402640
low_income,1654,18437942
low_income,1655,18473315
low_income,1656,18508758
low_income,1657,18544271
low_income,1658,18579854
low_income,1659,18615508
low_income,1660,18651233
low_income,1661,18687027
low_income,1662,18722892
low_income,1663,18758829
low_income,1664,18794837
low_income,1665,18830915
low_income,1666,18867067
low_income,1667,18903289
low_income,1668,18939582
low_income,1669,18975948
low_income,1670,19012385
low_income,1671,19048894
low_income,1672,19085476
low_income,1673,19122130
low_income,1674,19158857
low_income,1675,19195656
low_income,1676,19232528
low_income,1677,19269474
low_income,1678,19306492
low_income,1679,19343583
low_income,1680,19380748
low_income,1681,19417986
low_income,1682,19455298
low_income,1683,19492684
low_income,1684,19530145
low_income,1685,19567678
low_income,1686,19605287
low_income,1687,19642969
low_income,1688,19680728
low_income,1689,19718559
low_income,1690,19756467
low_income,1691,19794448
low_income,1692,19832506
low_income,1693,19870638
low_income,1694,19908847
low_income,1695,19947131
low_income,1696,19985490
low_income,1697,20023926
low_income,1698,20062436
low_income,1699,20101026
low_income,1700,20139689
low_income,1701,20180955
low_income,1702,20222315
low_income,1703,20263771
low_income,1704,20305319
low_income,1705,20346961
low_income,1706,20388698
low_income,1707,20430531
low_income,1708,20472456
low_income,1709,20514481
low_income,1710,20556599
low_income,1711,20598814
low_income,1712,20641124
low_income,1713,20683532
low_income,1714,20726035
low_income,1715,20768635
low_income,1716,20811332
low_income,1717,20854128
low_income,1718,20897020
low_income,1719,20940012
low_income,1720,20983099
low_income,1721,21026287
low_income,1722,21069573
low_income,1723,21112958
low_income,1724,21156442
low_income,1725,21200023
low_income,1726,21243707
low_income,1727,21287489
low_income,1728,21331371
low_income,1729,21375355
low_income,1730,21419439
low_income,1731,21463624
low_income,1732,21507910
low_income,1733,21552296
low_income,1734,21596786
low_income,1735,21641376
low_income,1736,21686070
low_income,1737,21730865
low_income,1738,21775764
low_income,1739,21820766
low_income,1740,21865871
low_income,1741,21911079
low_income,1742,21956392
low_income,1743,22001808
low_income,1744,22047328
low_income,1745,22092953
low_income,1746,22138683
low_income,1747,22184518
low_income,1748,22230460
low_income,1749,22276506
low_income,1750,22322659
low_income,1751,22368917
low_income,1752,22415282
low_income,1753,22461754
low_income,1754,22508333
low_income,1755,22555019
low_income,1756,22601812
low_income,1757,22648716
low_income,1758,22695726
low_income,1759,22742844
low_income,1760,22790072
low_income,1761,22837408
low_income,1762,22884855
low_income,1763,22932409
low_income,1764,22980075
low_income,1765,23027851
low_income,1766,23075736
low_income,1767,23123732
low_income,1768,23171841
low_income,1769,23220059
low_income,1770,23268390
low_income,1771,23316833
low_income,1772,23365386
low_income,1773,23414054
low_income,1774,23462834
low_income,1775,23511728
low_income,1776,23560734
low_income,1777,23609854
low_income,1778,23659087
low_income,1779,23708436
low_income,1780,23757899
low_income,1781,23807477
low_income,1782,23857169
low_income,1783,23906978
low_income,1784,23956901
low_income,1785,24006942
low_income,1786,24057098
low_income,1787,24107372
low_income,1788,24157761
low_income,1789,24208270
low_income,1790,24258895
low_income,1791,24309637
low_income,1792,24360498
low_income,1793,24411478
low_income,1794,24462576
low_income,1795,24513795
low_income,1796,24565132
low_income,1797,24616588
low_income,1798,24668164
low_income,1799,24719863
low_income,1800,73034136
low_income,1801,73086074
low_income,1802,73138136
low_income,1803,73190319
low_income,1804,73242621
low_income,1805,73295049
low_income,1806,73347599
low_income,1807,73400271
low_income,1808,73453066
low_income,1809,73505983
low_income,1810,73559028
low_income,1811,73612194
low_income,1812,73665487
low_income,1813,73718902
low_income,1814,73772446
low_income,1815,73826112
low_income,1816,73879907
low_income,1817,73933825
low_income,1818,73987872
low_income,1819,74042046
low_income,1820,74096346
low_income,1821,74470477
low_income,1822,74847169
low_income,1823,75226458
low_income,1824,75608354
low_income,1825,75992880
low_income,1826,76380060
low_income,1827,76769922
low_income,1828,77162478
low_income,1829,77557760
low_income,1830,77955782
low_income,1831,78356580
low_income,1832,78760169
low_income,1833,79166578
low_income,1834,79575826
low_income,1835,79987938
low_income,1836,80402944
low_income,1837,80820867
low_income,1838,81241723
low_income,1839,81665552
low_income,1840,82092372
low_income,1841,82522212
low_income,1842,82955095
low_income,1843,83391046
low_income,1844,83830095
low_income,1845,84272273
low_income,1846,84717603
low_income,1847,85166106
low_income,1848,85617825
low_income,1849,86072774
low_income,1850,86530989
low_income,1851,86993989
low_income,1852,87460340
low_income,1853,87930068
low_income,1854,88403205
low_income,1855,88879786
low_income,1856,89359838
low_income,1857,89843392
low_income,1858,90330478
low_income,1859,90821132
low_income,1860,91315383
low_income,1861,91813264
low_income,1862,92314806
low_income,1863,92820048
low_income,1864,93329016
low_income,1865,93841752
low_income,1866,94358280
low_income,1867,94878646
low_income,1868,95402874
low_income,1869,95931007
low_income,1870,96463077
low_income,1871,97174614
low_income,1872,97894277
low_income,1873,98622215
low_income,1874,99358572
low_income,1875,100103497
low_income,1876,100857137
low_income,1877,101619664
low_income,1878,102391227
low_income,1879,103171988
low_income,1880,103962128
low_income,1881,104761810
low_income,1882,105571215
low_income,1883,106390518
low_income,1884,107219912
low_income,1885,108059579
low_income,1886,108909715
low_income,1887,109770521
low_income,1888,110642204
low_income,1889,111524966
low_income,1890,112419026
low_income,1891,113325003
low_income,1892,114243646
low_income,1893,115175233
low_income,1894,116120052
low_income,1895,117078386
low_income,1896,118050536
low_income,1897,119036814
low_income,1898,120037533
low_income,1899,121053022
low_income,1900,122083608
low_income,1901,123153531
low_income,1902,124086882
low_income,1903,125028766
low_income,1904,125980249
low_income,1905,126941413
low_income,1906,127911319
low_income,1907,128891053
low_income,1908,129880690
low_income,1909,130879298
low_income,1910,131888968
low_income,1911,132907773
low_income,1912,133858050
low_income,1913,134817321
low_income,1914,135896333
low_income,1915,136985720
low_income,1916,138086592
low_income,1917,139198067
low_income,1918,140321263
low_income,1919,141365294
low_income,1920,142601279
low_income,1921,143753347
low_income,1922,145098798
low_income,1923,146457935
low_income,1924,147834946
low_income,1925,149226029
low_income,1926,150634383
low_income,1927,152095988
low_income,1928,153577483
low_income,1929,155077186
low_income,1930,156722852
low_income,1931,158388082
low_income,1932,160140223
low_income,1933,161914819
low_income,1934,163713216
low_income,1935,165536784
low_income,1936,167384887
low_income,1937,169337123
low_income,1938,171318699
low_income,1939,173329113
low_income,1940,175545623.5
low_income,1941,177793021
low_income,1942,179487762.5
low_income,1943,181209806
low_income,1944,182957693.5
low_income,1945,184731989
low_income,1946,186638258.5
low_income,1947,188637044
low_income,1948,190675145.5
low_income,1949,192533276
low_income,1950,194873620
low_income,1951,198155068
low_income,1952,201597937
low_income,1953,205276910
low_income,1954,209244027
low_income,1955,213528714
low_income,1956,218136619
low_income,1957,223050749
low_income,1958,228234905
low_income,1959,233639275
low_income,1960,239217534
low_income,1961,244944899
low_income,1962,250834044
low_income,1963,256941886
low_income,1964,263350333
low_income,1965,270109560
low_income,1966,277252499
low_income,1967,284736393
low_income,1968,292444639
low_income,1969,300216273
low_income,1970,307939887
low_income,1971,315573757
low_income,1972,323164289
low_income,1973,330797277
low_income,1974,338601258
low_income,1975,346673599
low_income,1976,355047180
low_income,1977,363706849
low_income,1978,372645843
low_income,1979,381842501
low_income,1980,391286280
low_income,1981,400977645
low_income,1982,410943321
low_income,1983,421228728
low_income,1984,431892130
low_income,1985,442973557
low_income,1986,454486854
low_income,1987,466415857
low_income,1988,478731804
low_income,1989,491390749
low_income,1990,504355690
low_income,1991,517624844
low_income,1992,531194165
low_income,1993,545021488
low_income,1994,559055156
low_income,1995,573260176
low_income,1996,587610694
low_income,1997,602118455
low_income,1998,616832917
low_income,1999,631826570
low_income,2000,647150051
low_income,2001,662837782
low_income,2002,678871949
low_income,2003,695189929
low_income,2004,711700821
low_income,2005,728349218
low_income,2006,745103221
low_income,2007,762012537
low_income,2008,779201946
low_income,2009,796843235
low_income,2010,815057544
low_income,2011,833887875
low_income,2012,853291527
low_income,2013,873197495
low_income,2014,893495306
low_income,2015,914099829
low_income,2016,934991324
low_income,2017,956181771
low_income,2018,977654053
low_income,2019,999395302
low_income,2020,1021394163
low_income,2021,1043634567
low_income,2022,1066105246
low_income,2023,1088806963
low_income,2024,1111745771
low_income,2025,1134924651
low_income,2026,1158337364
low_income,2027,1181974608
low_income,2028,1205832950
low_income,2029,1229909264
low_income,2030,1254199150
low_income,2031,1278696266
low_income,2032,1303392559
low_income,2033,1328279423
low_income,2034,1353347249
low_income,2035,1378586194
low_income,2036,1403986936
low_income,2037,1429539658
low_income,2038,1455232947
low_income,2039,1481054662
low_income,2040,1506992594
low_income,2041,1533036588
low_income,2042,1559175200
low_income,2043,1585393308
low_income,2044,1611674487
low_income,2045,1638004019
low_income,2046,1664369321
low_income,2047,1690761014
low_income,2048,1717171567
low_income,2049,1743595121
low_income,2050,1770024616
low_income,2051,1796450518
low_income,2052,1822861385
low_income,2053,1849245996
low_income,2054,1875592535
low_income,2055,1901889658
low_income,2056,1928127099
low_income,2057,1954295300
low_income,2058,1980384544
low_income,2059,2006385349
low_income,2060,2032288135
low_income,2061,2058082706
low_income,2062,2083759006
low_income,2063,2109307778
low_income,2064,2134719989
low_income,2065,2159986220
low_income,2066,2185096316
low_income,2067,2210039661
low_income,2068,2234805721
low_income,2069,2259383799
low_income,2070,2283763029
low_income,2071,2307934496
low_income,2072,2331887554
low_income,2073,2355607704
low_income,2074,2379079005
low_income,2075,2402287846
low_income,2076,2425224013
low_income,2077,2447880967
low_income,2078,2470253522
low_income,2079,2492338362
low_income,2080,2514131643
low_income,2081,2535627631
low_income,2082,2556819675
low_income,2083,2577702300
low_income,2084,2598270171
low_income,2085,2618518479
low_income,2086,2638442587
low_income,2087,2658038943
low_income,2088,2677305365
low_income,2089,2696240504
low_income,2090,2714842599
low_income,2091,2733109084
low_income,2092,2751036724
low_income,2093,2768621955
low_income,2094,2785861294
low_income,2095,2802751666
low_income,2096,2819290562
low_income,2097,2835476104
low_income,2098,2851307044
low_income,2099,2866782760
low_income,2100,2881903277
lower_middle_income,1600,143749507
lower_middle_income,1601,143997902
lower_middle_income,1602,144246825
lower_middle_income,1603,144496278
lower_middle_income,1604,144746257
lower_middle_income,1605,144996770
lower_middle_income,1606,145247812
lower_middle_income,1607,145499384
lower_middle_income,1608,145751493
lower_middle_income,1609,146004133
lower_middle_income,1610,146257308
lower_middle_income,1611,146511022
lower_middle_income,1612,146765271
lower_middle_income,1613,147020058
lower_middle_income,1614,147275383
lower_middle_income,1615,147531250
lower_middle_income,1616,147787657
lower_middle_income,1617,148044605
lower_middle_income,1618,148302095
lower_middle_income,1619,148560133
lower_middle_income,1620,148818712
lower_middle_income,1621,149077837
lower_middle_income,1622,149337511
lower_middle_income,1623,149597730
lower_middle_income,1624,149858501
lower_middle_income,1625,150119821
lower_middle_income,1626,150381691
lower_middle_income,1627,150644113
lower_middle_income,1628,150907090
lower_middle_income,1629,151170621
lower_middle_income,1630,151434703
lower_middle_income,1631,151699344
lower_middle_income,1632,151964541
lower_middle_income,1633,152230297
lower_middle_income,1634,152496612
lower_middle_income,1635,152763487
lower_middle_income,1636,153030925
lower_middle_income,1637,153298922
lower_middle_income,1638,153567484
lower_middle_income,1639,153836611
lower_middle_income,1640,154106301
lower_middle_income,1641,154376560
lower_middle_income,1642,154647384
lower_middle_income,1643,154918778
lower_middle_income,1644,155190742
lower_middle_income,1645,155463278
lower_middle_income,1646,155736381
lower_middle_income,1647,156010061
lower_middle_income,1648,156284313
lower_middle_income,1649,156559140
lower_middle_income,1650,156834542
lower_middle_income,1651,157110522
lower_middle_income,1652,157387083
lower_middle_income,1653,157664218
lower_middle_income,1654,157941937
lower_middle_income,1655,158220235
lower_middle_income,1656,158499116
lower_middle_income,1657,158778581
lower_middle_income,1658,159058630
lower_middle_income,1659,159339264
lower_middle_income,1660,159620486
lower_middle_income,1661,159902294
lower_middle_income,1662,160184693
lower_middle_income,1663,160467681
lower_middle_income,1664,160751261
lower_middle_income,1665,161035433
lower_middle_income,1666,161320199
lower_middle_income,1667,161605557
lower_middle_income,1668,161891514
lower_middle_income,1669,162178065
lower_middle_income,1670,162465212
lower_middle_income,1671,162752963
lower_middle_income,1672,163041309
lower_middle_income,1673,163330259
lower_middle_income,1674,163619813
lower_middle_income,1675,163909965
lower_middle_income,1676,164200726
lower_middle_income,1677,164492092
lower_middle_income,1678,164784064
lower_middle_income,1679,165076643
lower_middle_income,1680,165369832
lower_middle_income,1681,165663631
lower_middle_income,1682,165958040
lower_middle_income,1683,166253063
lower_middle_income,1684,166548701
lower_middle_income,1685,166844951
lower_middle_income,1686,167141819
lower_middle_income,1687,167439303
lower_middle_income,1688,167737407
lower_middle_income,1689,168036128
lower_middle_income,1690,168335469
lower_middle_income,1691,168635435
lower_middle_income,1692,168936020
lower_middle_income,1693,169237231
lower_middle_income,1694,169539068
lower_middle_income,1695,169841530
lower_middle_income,1696,170144621
lower_middle_income,1697,170448340
lower_middle_income,1698,170752687
lower_middle_income,1699,171057669
lower_middle_income,1700,171406281
lower_middle_income,1701,171741273
lower_middle_income,1702,172076956
lower_middle_income,1703,172413337
lower_middle_income,1704,172750419
lower_middle_income,1705,173088197
lower_middle_income,1706,173426679
lower_middle_income,1707,173765864
lower_middle_income,1708,174105751
lower_middle_income,1709,174446344
lower_middle_income,1710,174787645
lower_middle_income,1711,175129653
lower_middle_income,1712,175472374
lower_middle_income,1713,175815803
lower_middle_income,1714,176159948
lower_middle_income,1715,176504804
lower_middle_income,1716,176850379
lower_middle_income,1717,177196670
lower_middle_income,1718,177543682
lower_middle_income,1719,177891414
lower_middle_income,1720,178239867
lower_middle_income,1721,178589043
lower_middle_income,1722,178938944
lower_middle_income,1723,179289574
lower_middle_income,1724,179640930
lower_middle_income,1725,179993016
lower_middle_income,1726,180345833
lower_middle_income,1727,180699384
lower_middle_income,1728,181053666
lower_middle_income,1729,181408686
lower_middle_income,1730,181764443
lower_middle_income,1731,182120940
lower_middle_income,1732,182478177
lower_middle_income,1733,182836155
lower_middle_income,1734,183194874
lower_middle_income,1735,183554340
lower_middle_income,1736,183914555
lower_middle_income,1737,184275516
lower_middle_income,1738,184637229
lower_middle_income,1739,184999689
lower_middle_income,1740,185362906
lower_middle_income,1741,185726877
lower_middle_income,1742,186091599
lower_middle_income,1743,186457085
lower_middle_income,1744,186823327
lower_middle_income,1745,187190329
lower_middle_income,1746,187558097
lower_middle_income,1747,187926628
lower_middle_income,1748,188295923
lower_middle_income,1749,188665984
lower_middle_income,1750,189036815
lower_middle_income,1751,189408419
lower_middle_income,1752,189780792
lower_middle_income,1753,190153940
lower_middle_income,1754,190527862
lower_middle_income,1755,190902563
lower_middle_income,1756,191278040
lower_middle_income,1757,191654300
lower_middle_income,1758,192031342
lower_middle_income,1759,192409164
lower_middle_income,1760,192787774
lower_middle_income,1761,193167170
lower_middle_income,1762,193547353
lower_middle_income,1763,193928327
lower_middle_income,1764,194310095
lower_middle_income,1765,194692653
lower_middle_income,1766,195076008
lower_middle_income,1767,195460158
lower_middle_income,1768,195845109
lower_middle_income,1769,196230857
lower_middle_income,1770,196617410
lower_middle_income,1771,197319766
lower_middle_income,1772,197712038
lower_middle_income,1773,198105175
lower_middle_income,1774,198499173
lower_middle_income,1775,198894037
lower_middle_income,1776,199289768
lower_middle_income,1777,199686371
lower_middle_income,1778,200083849
lower_middle_income,1779,200482197
lower_middle_income,1780,200881425
lower_middle_income,1781,201281533
lower_middle_income,1782,201682520
lower_middle_income,1783,202084400
lower_middle_income,1784,202487163
lower_middle_income,1785,202890816
lower_middle_income,1786,203295362
lower_middle_income,1787,203700804
lower_middle_income,1788,204107145
lower_middle_income,1789,204514382
lower_middle_income,1790,204922526
lower_middle_income,1791,205427577
lower_middle_income,1792,205840488
lower_middle_income,1793,206254403
lower_middle_income,1794,206669328
lower_middle_income,1795,207085265
lower_middle_income,1796,207502217
lower_middle_income,1797,207920198
lower_middle_income,1798,208339208
lower_middle_income,1799,208759252
lower_middle_income,1800,262700988
lower_middle_income,1801,263123075
lower_middle_income,1802,263542470
lower_middle_income,1803,263962806
lower_middle_income,1804,264384086
lower_middle_income,1805,264806307
lower_middle_income,1806,265229479
lower_middle_income,1807,265653601
lower_middle_income,1808,266078675
lower_middle_income,1809,266504706
lower_middle_income,1810,266931699
lower_middle_income,1811,267359651
lower_middle_income,1812,267788570
lower_middle_income,1813,268218456
lower_middle_income,1814,268649317
lower_middle_income,1815,269081149
lower_middle_income,1816,269513960
lower_middle_income,1817,269947751
lower_middle_income,1818,270382526
lower_middle_income,1819,270818288
lower_middle_income,1820,271255041
lower_middle_income,1821,272578481
lower_middle_income,1822,273910531
lower_middle_income,1823,275251261
lower_middle_income,1824,276600755
lower_middle_income,1825,277959086
lower_middle_income,1826,279326345
lower_middle_income,1827,280702608
lower_middle_income,1828,282087959
lower_middle_income,1829,283482482
lower_middle_income,1830,284886263
lower_middle_income,1831,286299388
lower_middle_income,1832,287721945
lower_middle_income,1833,289154027
lower_middle_income,1834,290595712
lower_middle_income,1835,292047106
lower_middle_income,1836,293508297
lower_middle_income,1837,294979375
lower_middle_income,1838,296460440
lower_middle_income,1839,297951590
lower_middle_income,1840,299452915
lower_middle_income,1841,300964519
lower_middle_income,1842,302486506
lower_middle_income,1843,304018980
lower_middle_income,1844,305562043
lower_middle_income,1845,307115788
lower_middle_income,1846,308680347
lower_middle_income,1847,310255809
lower_middle_income,1848,311842295
lower_middle_income,1849,313439911
lower_middle_income,1850,315048772
lower_middle_income,1851,316696456
lower_middle_income,1852,318355650
lower_middle_income,1853,320026467
lower_middle_income,1854,321708989
lower_middle_income,1855,323403346
lower_middle_income,1856,325109623
lower_middle_income,1857,326827936
lower_middle_income,1858,328558397
lower_middle_income,1859,330301107
lower_middle_income,1860,332056185
lower_middle_income,1861,333824146
lower_middle_income,1862,335604712
lower_middle_income,1863,337397981
lower_middle_income,1864,339204076
lower_middle_income,1865,341023114
lower_middle_income,1866,342855211
lower_middle_income,1867,344700491
lower_middle_income,1868,346559066
lower_middle_income,1869,348431067
lower_middle_income,1870,350316610
lower_middle_income,1871,352552331
lower_middle_income,1872,354840450
lower_middle_income,1873,357042458
lower_middle_income,1874,359173723
lower_middle_income,1875,361154811
lower_middle_income,1876,363110703
lower_middle_income,1877,365219539
lower_middle_income,1878,367293396
lower_middle_income,1879,369344328
lower_middle_income,1880,371715185
lower_middle_income,1881,373865464
lower_middle_income,1882,375886483
lower_middle_income,1883,378153234
lower_middle_income,1884,380363686
lower_middle_income,1885,382842925
lower_middle_income,1886,385317903
lower_middle_income,1887,387699071
lower_middle_income,1888,390059980
lower_middle_income,1889,392320938
lower_middle_income,1890,395145346
lower_middle_income,1891,397345686
lower_middle_income,1892,399832586
lower_middle_income,1893,401827940
lower_middle_income,1894,404358290
lower_middle_income,1895,407050316
lower_middle_income,1896,409559986
lower_middle_income,1897,412287979
lower_middle_income,1898,415050911
lower_middle_income,1899,417826673
lower_middle_income,1900,420612446
lower_middle_income,1901,423388004
lower_middle_income,1902,426108477
lower_middle_income,1903,428897003
lower_middle_income,1904,431703752
lower_middle_income,1905,434616739
lower_middle_income,1906,437455882
lower_middle_income,1907,440253068
lower_middle_income,1908,443121241
lower_middle_income,1909,446025290
lower_middle_income,1910,448973478
lower_middle_income,1911,451958395
lower_middle_income,1912,454904961
lower_middle_income,1913,457868419
lower_middle_income,1914,461409679
lower_middle_income,1915,465031803
lower_middle_income,1916,468676214
lower_middle_income,1917,472146321
lower_middle_income,1918,475520321
lower_middle_income,1919,479356746
lower_middle_income,1920,483224681
lower_middle_income,1921,487041610
lower_middle_income,1922,490915232
lower_middle_income,1923,494814463
lower_middle_income,1924,498718939
lower_middle_income,1925,502689209
lower_middle_income,1926,506695389
lower_middle_income,1927,510840470
lower_middle_income,1928,515091024
lower_middle_income,1929,519289699
lower_middle_income,1930,525771999
lower_middle_income,1931,532532514
lower_middle_income,1932,539963069
lower_middle_income,1933,547528911
lower_middle_income,1934,555199525
lower_middle_income,1935,563013312
lower_middle_income,1936,570954389
lower_middle_income,1937,579058514
lower_middle_income,1938,587276341
lower_middle_income,1939,595633493
lower_middle_income,1940,603550211.8
lower_middle_income,1941,611665904.6
lower_middle_income,1942,619867106.4
lower_middle_income,1943,628052351.2
lower_middle_income,1944,635844631
lower_middle_income,1945,643373550.8
lower_middle_income,1946,652229102.6
lower_middle_income,1947,662747740.4
lower_middle_income,1948,672383355.2
lower_middle_income,1949,683395645
lower_middle_income,1950,707575630
lower_middle_income,1951,719817189
lower_middle_income,1952,732986301
lower_middle_income,1953,746985943
lower_middle_income,1954,761730986
lower_middle_income,1955,777162771
lower_middle_income,1956,793239702
lower_middle_income,1957,809957430
lower_middle_income,1958,827323799
lower_middle_income,1959,845365114
lower_middle_income,1960,864100362
lower_middle_income,1961,883537218
lower_middle_income,1962,903648374
lower_middle_income,1963,924368276
lower_middle_income,1964,945610103
lower_middle_income,1965,967322290
lower_middle_income,1966,989471506
lower_middle_income,1967,1012092409
lower_middle_income,1968,1035286834
lower_middle_income,1969,1059194021
lower_middle_income,1970,1083915394
lower_middle_income,1971,1109495924
lower_middle_income,1972,1135910628
lower_middle_income,1973,1163108750
lower_middle_income,1974,1191014367
lower_middle_income,1975,1219572978
lower_middle_income,1976,1248743291
lower_middle_income,1977,1278552509
lower_middle_income,1978,1309086964
lower_middle_income,1979,1340469797
lower_middle_income,1980,1372786294
lower_middle_income,1981,1406014825
lower_middle_income,1982,1440102669
lower_middle_income,1983,1474899980
lower_middle_income,1984,1510206833
lower_middle_income,1985,1545882765
lower_middle_income,1986,1581850840
lower_middle_income,1987,1618085107
lower_middle_income,1988,1654534775
lower_middle_income,1989,1691150762
lower_middle_income,1990,1727886512
lower_middle_income,1991,1765121920
lower_middle_income,1992,1802110280
lower_middle_income,1993,1839083480
lower_middle_income,1994,1875957594
lower_middle_income,1995,1912672548
lower_middle_income,1996,1949209112
lower_middle_income,1997,1985588429
lower_middle_income,1998,2021840748
lower_middle_income,1999,2058021124
lower_middle_income,2000,2094187951
lower_middle_income,2001,2130332064
lower_middle_income,2002,2166468264
lower_middle_income,2003,2202713395
lower_middle_income,2004,2239164130
lower_middle_income,2005,2275907277
lower_middle_income,2006,2312973741
lower_middle_income,2007,2350339400
lower_middle_income,2008,2387924150
lower_middle_income,2009,2423190501
lower_middle_income,2010,2460908739
lower_middle_income,2011,2498610317
lower_middle_income,2012,2536322497
lower_middle_income,2013,2574122131
lower_middle_income,2014,2612122210
lower_middle_income,2015,2650391602
lower_middle_income,2016,2688940530
lower_middle_income,2017,2727699965
lower_middle_income,2018,2766560479
lower_middle_income,2019,2805372527
lower_middle_income,2020,2844014873
lower_middle_income,2021,2882443789
lower_middle_income,2022,2920644914
lower_middle_income,2023,2958561892
lower_middle_income,2024,2996139895
lower_middle_income,2025,3033335893
lower_middle_income,2026,3070111826
lower_middle_income,2027,3106452831
lower_middle_income,2028,3142371305
lower_middle_income,2029,3177896521
lower_middle_income,2030,3213049543
lower_middle_income,2031,3247823263
lower_middle_income,2032,3282203439
lower_middle_income,2033,3316196760
lower_middle_income,2034,3349812706
lower_middle_income,2035,3383056272
lower_middle_income,2036,3415924494
lower_middle_income,2037,3448408440
lower_middle_income,2038,3480499011
lower_middle_income,2039,3512184377
lower_middle_income,2040,3543452112
lower_middle_income,2041,3574296563
lower_middle_income,2042,3604706958
lower_middle_income,2043,3634659070
lower_middle_income,2044,3664123565
lower_middle_income,2045,3693077141
lower_middle_income,2046,3721506095
lower_middle_income,2047,3749406482
lower_middle_income,2048,3776777153
lower_middle_income,2049,3803621495
lower_middle_income,2050,3829940706
lower_middle_income,2051,3855731270
lower_middle_income,2052,3880985588
lower_middle_income,2053,3905696628
lower_middle_income,2054,3929856357
lower_middle_income,2055,3953458972
lower_middle_income,2056,3976504754
lower_middle_income,2057,3998995127
lower_middle_income,2058,4020927726
lower_middle_income,2059,4042300232
lower_middle_income,2060,4063113598
lower_middle_income,2061,4083366598
lower_middle_income,2062,4103067429
lower_middle_income,2063,4122238379
lower_middle_income,2064,4140908703
lower_middle_income,2065,4159100578
lower_middle_income,2066,4176825901
lower_middle_income,2067,4194083977
lower_middle_income,2068,4210869099
lower_middle_income,2069,4227169684
lower_middle_income,2070,4242978796
lower_middle_income,2071,4258297815
lower_middle_income,2072,4273135951
lower_middle_income,2073,4287503340
lower_middle_income,2074,4301413090
lower_middle_income,2075,4314875643
lower_middle_income,2076,4327899953
lower_middle_income,2077,4340488191
lower_middle_income,2078,4352636294
lower_middle_income,2079,4364336532
lower_middle_income,2080,4375586157
lower_middle_income,2081,4386385074
lower_middle_income,2082,4396745079
lower_middle_income,2083,4406689849
lower_middle_income,2084,4416250146
lower_middle_income,2085,4425449016
lower_middle_income,2086,4434297719
lower_middle_income,2087,4442794436
lower_middle_income,2088,4450932936
lower_middle_income,2089,4458700880
lower_middle_income,2090,4466089863
lower_middle_income,2091,4473098752
lower_middle_income,2092,4479732505
lower_middle_income,2093,4485999384
lower_middle_income,2094,4491907762
lower_middle_income,2095,4497463145
lower_middle_income,2096,4502667174
lower_middle_income,2097,4507517000
lower_middle_income,2098,4512005140
lower_middle_income,2099,4516119628
lower_middle_income,2100,4519844021
upper_middle_income,1600,187899999
upper_middle_income,1601,187686069
upper_middle_income,1602,187472644
upper_middle_income,1603,187259729
upper_middle_income,1604,187047316
upper_middle_income,1605,186835417
upper_middle_income,1606,186624021
upper_middle_income,1607,186413133
upper_middle_income,1608,186202756
upper_middle_income,1609,185992884
upper_middle_income,1610,185783521
upper_middle_income,1611,185574665
upper_middle_income,1612,185366320
upper_middle_income,1613,185158480
upper_middle_income,1614,184951148
upper_middle_income,1615,184744326
upper_middle_income,1616,184538014
upper_middle_income,1617,184332211
upper_middle_income,1618,184126915
upper_middle_income,1619,183922131
upper_middle_income,1620,183717855
upper_middle_income,1621,183514088
upper_middle_income,1622,183310829
upper_middle_income,1623,183108082
upper_middle_income,1624,182905846
upper_middle_income,1625,182704118
upper_middle_income,1626,182502902
upper_middle_income,1627,182302195
upper_middle_income,1628,182102001
upper_middle_income,1629,181902317
upper_middle_income,1630,181703144
upper_middle_income,1631,181504483
upper_middle_income,1632,181306333
upper_middle_income,1633,181108698
upper_middle_income,1634,180911572
upper_middle_income,1635,180714959
upper_middle_income,1636,180518860
upper_middle_income,1637,180323272
upper_middle_income,1638,180128195
upper_middle_income,1639,179933636
upper_middle_income,1640,179739589
upper_middle_income,1641,179546054
upper_middle_income,1642,179353036
upper_middle_income,1643,179160532
upper_middle_income,1644,178968544
upper_middle_income,1645,178777066
upper_middle_income,1646,178586107
upper_middle_income,1647,178395664
upper_middle_income,1648,178205736
upper_middle_income,1649,178016325
upper_middle_income,1650,177827429
upper_middle_income,1651,177639052
upper_middle_income,1652,177451192
upper_middle_income,1653,177263849
upper_middle_income,1654,177077021
upper_middle_income,1655,176890715
upper_middle_income,1656,176704927
upper_middle_income,1657,176519658
upper_middle_income,1658,176334909
upper_middle_income,1659,176150678
upper_middle_income,1660,175966968
upper_middle_income,1661,175783775
upper_middle_income,1662,175601106
upper_middle_income,1663,175418959
upper_middle_income,1664,175237332
upper_middle_income,1665,175056228
upper_middle_income,1666,174875646
upper_middle_income,1667,174695586
upper_middle_income,1668,174516051
upper_middle_income,1669,174337038
upper_middle_income,1670,174158550
upper_middle_income,1671,173980587
upper_middle_income,1672,173803148
upper_middle_income,1673,173626236
upper_middle_income,1674,173449849
upper_middle_income,1675,173273987
upper_middle_income,1676,173098653
upper_middle_income,1677,172923844
upper_middle_income,1678,172749567
upper_middle_income,1679,172575815
upper_middle_income,1680,172402593
upper_middle_income,1681,172229899
upper_middle_income,1682,172057737
upper_middle_income,1683,171886104
upper_middle_income,1684,171715002
upper_middle_income,1685,171544431
upper_middle_income,1686,171374392
upper_middle_income,1687,171204885
upper_middle_income,1688,171035912
upper_middle_income,1689,170867472
upper_middle_income,1690,170699566
upper_middle_income,1691,170532192
upper_middle_income,1692,170365355
upper_middle_income,1693,170199055
upper_middle_income,1694,170033292
upper_middle_income,1695,169868064
upper_middle_income,1696,169703374
upper_middle_income,1697,169539222
upper_middle_income,1698,169375608
upper_middle_income,1699,169212535
upper_middle_income,1700,169212192
upper_middle_income,1701,170487936
upper_middle_income,1702,171774214
upper_middle_income,1703,173071112
upper_middle_income,1704,174378722
upper_middle_income,1705,175697135
upper_middle_income,1706,177026440
upper_middle_income,1707,178366730
upper_middle_income,1708,179718100
upper_middle_income,1709,181080637
upper_middle_income,1710,182454443
upper_middle_income,1711,183839610
upper_middle_income,1712,185236232
upper_middle_income,1713,186644408
upper_middle_income,1714,188064233
upper_middle_income,1715,189495812
upper_middle_income,1716,190939237
upper_middle_income,1717,192394614
upper_middle_income,1718,193862036
upper_middle_income,1719,195341614
upper_middle_income,1720,196833439
upper_middle_income,1721,198337628
upper_middle_income,1722,199854277
upper_middle_income,1723,201383493
upper_middle_income,1724,202925383
upper_middle_income,1725,204480055
upper_middle_income,1726,206047614
upper_middle_income,1727,207628173
upper_middle_income,1728,209221838
upper_middle_income,1729,210828720
upper_middle_income,1730,212448937
upper_middle_income,1731,214082593
upper_middle_income,1732,215729804
upper_middle_income,1733,217390686
upper_middle_income,1734,219065358
upper_middle_income,1735,220753927
upper_middle_income,1736,222456522
upper_middle_income,1737,224173256
upper_middle_income,1738,225904248
upper_middle_income,1739,227649618
upper_middle_income,1740,229409491
upper_middle_income,1741,231183987
upper_middle_income,1742,232973230
upper_middle_income,1743,234777346
upper_middle_income,1744,236596459
upper_middle_income,1745,238430697
upper_middle_income,1746,240280188
upper_middle_income,1747,242145060
upper_middle_income,1748,244025446
upper_middle_income,1749,245921474
upper_middle_income,1750,247833276
upper_middle_income,1751,249760989
upper_middle_income,1752,251704950
upper_middle_income,1753,253665085
upper_middle_income,1754,255641549
upper_middle_income,1755,257634469
upper_middle_income,1756,259643983
upper_middle_income,1757,261670237
upper_middle_income,1758,263713371
upper_middle_income,1759,265773529
upper_middle_income,1760,267850850
upper_middle_income,1761,269945485
upper_middle_income,1762,272057582
upper_middle_income,1763,274187282
upper_middle_income,1764,276334737
upper_middle_income,1765,278500098
upper_middle_income,1766,280683520
upper_middle_income,1767,282914648
upper_middle_income,1768,285135333
upper_middle_income,1769,287374555
upper_middle_income,1770,289632473
upper_middle_income,1771,291909240
upper_middle_income,1772,294205021
upper_middle_income,1773,296519975
upper_middle_income,1774,299026262
upper_middle_income,1775,301384493
upper_middle_income,1776,303762497
upper_middle_income,1777,306160454
upper_middle_income,1778,308578533
upper_middle_income,1779,311017130
upper_middle_income,1780,313476202
upper_middle_income,1781,315955921
upper_middle_income,1782,318456475
upper_middle_income,1783,320978042
upper_middle_income,1784,323520796
upper_middle_income,1785,326084923
upper_middle_income,1786,328670605
upper_middle_income,1787,331278030
upper_middle_income,1788,333907388
upper_middle_income,1789,336558862
upper_middle_income,1790,339232649
upper_middle_income,1791,341928934
upper_middle_income,1792,344647923
upper_middle_income,1793,347390997
upper_middle_income,1794,350157228
upper_middle_income,1795,352946818
upper_middle_income,1796,355759974
upper_middle_income,1797,358596901
upper_middle_income,1798,361457684
upper_middle_income,1799,364342655
upper_middle_income,1800,387788596
upper_middle_income,1801,390722629
upper_middle_income,1802,393680936
upper_middle_income,1803,396664275
upper_middle_income,1804,399672854
upper_middle_income,1805,402706908
upper_middle_income,1806,405766656
upper_middle_income,1807,408852319
upper_middle_income,1808,411964132
upper_middle_income,1809,415102320
upper_middle_income,1810,418267121
upper_middle_income,1811,421458764
upper_middle_income,1812,424677491
upper_middle_income,1813,427923542
upper_middle_income,1814,431197152
upper_middle_income,1815,434498568
upper_middle_income,1816,437828043
upper_middle_income,1817,441185816
upper_middle_income,1818,444565678
upper_middle_income,1819,447974030
upper_middle_income,1820,451411119
upper_middle_income,1821,454651212
upper_middle_income,1822,457916059
upper_middle_income,1823,461205874
upper_middle_income,1824,464520865
upper_middle_income,1825,467861729
upper_middle_income,1826,471228216
upper_middle_income,1827,474620546
upper_middle_income,1828,478041813
upper_middle_income,1829,481489502
upper_middle_income,1830,484963852
upper_middle_income,1831,485853335
upper_middle_income,1832,486749458
upper_middle_income,1833,487652303
upper_middle_income,1834,488561957
upper_middle_income,1835,489478534
upper_middle_income,1836,490402115
upper_middle_income,1837,491333451
upper_middle_income,1838,492272024
upper_middle_income,1839,493217929
upper_middle_income,1840,494171277
upper_middle_income,1841,494830965
upper_middle_income,1842,495490290
upper_middle_income,1843,496156821
upper_middle_income,1844,496829995
upper_middle_income,1845,497509565
upper_middle_income,1846,498196612
upper_middle_income,1847,498891233
upper_middle_income,1848,499593542
upper_middle_income,1849,500303634
upper_middle_income,1850,501021638
upper_middle_income,1851,498095416
upper_middle_income,1852,495209178
upper_middle_income,1853,492362632
upper_middle_income,1854,489555632
upper_middle_income,1855,486788013
upper_middle_income,1856,484059635
upper_middle_income,1857,481370333
upper_middle_income,1858,478719988
upper_middle_income,1859,476108459
upper_middle_income,1860,473535612
upper_middle_income,1861,472388935
upper_middle_income,1862,471217682
upper_middle_income,1863,470064386
upper_middle_income,1864,468929116
upper_middle_income,1865,467813108
upper_middle_income,1866,466715269
upper_middle_income,1867,465635656
upper_middle_income,1868,464574322
upper_middle_income,1869,463531331
upper_middle_income,1870,462506746
upper_middle_income,1871,464596923
upper_middle_income,1872,466708167
upper_middle_income,1873,468839786
upper_middle_income,1874,470991973
upper_middle_income,1875,473164917
upper_middle_income,1876,475358765
upper_middle_income,1877,477571788
upper_middle_income,1878,479786405
upper_middle_income,1879,482021126
upper_middle_income,1880,484275159
upper_middle_income,1881,486715720
upper_middle_income,1882,489174182
upper_middle_income,1883,491655605
upper_middle_income,1884,494157164
upper_middle_income,1885,496680272
upper_middle_income,1886,499212177
upper_middle_income,1887,501768120
upper_middle_income,1888,504347943
upper_middle_income,1889,506950270
upper_middle_income,1890,509576377
upper_middle_income,1891,513106085
upper_middle_income,1892,516672237
upper_middle_income,1893,520270635
upper_middle_income,1894,523910281
upper_middle_income,1895,527613493
upper_middle_income,1896,531247610
upper_middle_income,1897,534972853
upper_middle_income,1898,538738583
upper_middle_income,1899,542543149
upper_middle_income,1900,546387930
upper_middle_income,1901,550523724
upper_middle_income,1902,554671456
upper_middle_income,1903,558854522
upper_middle_income,1904,563089012
upper_middle_income,1905,567344583
upper_middle_income,1906,571637754
upper_middle_income,1907,575997620
upper_middle_income,1908,580395281
upper_middle_income,1909,584855835
upper_middle_income,1910,589201375
upper_middle_income,1911,596048450
upper_middle_income,1912,602965363
upper_middle_income,1913,609972291
upper_middle_income,1914,616667783
upper_middle_income,1915,623381464
upper_middle_income,1916,630147479
upper_middle_income,1917,636992991
upper_middle_income,1918,643974169
upper_middle_income,1919,651059169
upper_middle_income,1920,658271163
upper_middle_income,1921,662345516
upper_middle_income,1922,666846460
upper_middle_income,1923,671472883
upper_middle_income,1924,676347546
upper_middle_income,1925,681257252
upper_middle_income,1926,686240200
upper_middle_income,1927,691237598
upper_middle_income,1928,696469685
upper_middle_income,1929,701719662
upper_middle_income,1930,706999760
upper_middle_income,1931,714288265
upper_middle_income,1932,721566417
upper_middle_income,1933,728841415
upper_middle_income,1934,735125489
upper_middle_income,1935,741422896
upper_middle_income,1936,747740879
upper_middle_income,1937,754206969
upper_middle_income,1938,760662916
upper_middle_income,1939,767569993
upper_middle_income,1940,773751122.4
upper_middle_income,1941,779964967.8
upper_middle_income,1942,786403988.2
upper_middle_income,1943,792960464.6
upper_middle_income,1944,799724691
upper_middle_income,1945,806370436.4
upper_middle_income,1946,813649836.8
upper_middle_income,1947,821027572.2
upper_middle_income,1948,828904977.6
upper_middle_income,1949,837150724
upper_middle_income,1950,854690226
upper_middle_income,1951,876953486
upper_middle_income,1952,896750095
upper_middle_income,1953,914986082
upper_middle_income,1954,932409008
upper_middle_income,1955,949608024
upper_middle_income,1956,967007737
upper_middle_income,1957,984874338
upper_middle_income,1958,1003333725
upper_middle_income,1959,1022401859
upper_middle_income,1960,1042075634
upper_middle_income,1961,1062429861
upper_middle_income,1962,1083702121
upper_middle_income,1963,1106329114
upper_middle_income,1964,1130843618
upper_middle_income,1965,1157571532
upper_middle_income,1966,1186673472
upper_middle_income,1967,1217895637
upper_middle_income,1968,1250616312
upper_middle_income,1969,1283961498
upper_middle_income,1970,1317241304
upper_middle_income,1971,1350306482
upper_middle_income,1972,1383166717
upper_middle_income,1973,1415491607
upper_middle_income,1974,1446937850
upper_middle_income,1975,1477292301
upper_middle_income,1976,1506395070
upper_middle_income,1977,1534358869
upper_middle_income,1978,1561606367
upper_middle_income,1979,1588747802
upper_middle_income,1980,1616269068
upper_middle_income,1981,1644140316
upper_middle_income,1982,1672331505
upper_middle_income,1983,1701310736
upper_middle_income,1984,1731648488
upper_middle_income,1985,1763662609
upper_middle_income,1986,1797601873
upper_middle_income,1987,1833114483
upper_middle_income,1988,1869162909
upper_middle_income,1989,1904319057
upper_middle_income,1990,1937524990
upper_middle_income,1991,1968443852
upper_middle_income,1992,1997275591
upper_middle_income,1993,2024167653
upper_middle_income,1994,2049464621
upper_middle_income,1995,2073456378
upper_middle_income,1996,2096115246
upper_middle_income,1997,2117417819
upper_middle_income,1998,2137692269
upper_middle_income,1999,2157361760
upper_middle_income,2000,2176756046
upper_middle_income,2001,2196043613
upper_middle_income,2002,2215243467
upper_middle_income,2003,2234351210
upper_middle_income,2004,2253299899
upper_middle_income,2005,2272057720
upper_middle_income,2006,2290604114
upper_middle_income,2007,2309028656
upper_middle_income,2008,2327526811
upper_middle_income,2009,2346350356
upper_middle_income,2010,2365647395
upper_middle_income,2011,2385494413
upper_middle_income,2012,2405746883
upper_middle_income,2013,2426053453
upper_middle_income,2014,2445928836
upper_middle_income,2015,2465002781
upper_middle_income,2016,2483156450
upper_middle_income,2017,2500423744
upper_middle_income,2018,2516776005
upper_middle_income,2019,2532229368
upper_middle_income,2020,2546802396
upper_middle_income,2021,2560453981
upper_middle_income,2022,2573169258
upper_middle_income,2023,2585036493
upper_middle_income,2024,2596182811
upper_middle_income,2025,2606709411
upper_middle_income,2026,2616649974
upper_middle_income,2027,2626007229
upper_middle_income,2028,2634815257
upper_middle_income,2029,2643104354
upper_middle_income,2030,2650900724
upper_middle_income,2031,2658229170
upper_middle_income,2032,2665108125
upper_middle_income,2033,2671546894
upper_middle_income,2034,2677548961
upper_middle_income,2035,2683117377
upper_middle_income,2036,2688260540
upper_middle_income,2037,2692985035
upper_middle_income,2038,2697287992
upper_middle_income,2039,2701162825
upper_middle_income,2040,2704603511
upper_middle_income,2041,2707610080
upper_middle_income,2042,2710181433
upper_middle_income,2043,2712308411
upper_middle_income,2044,2713979320
upper_middle_income,2045,2715184846
upper_middle_income,2046,2715922831
upper_middle_income,2047,2716192594
upper_middle_income,2048,2715988414
upper_middle_income,2049,2715304207
upper_middle_income,2050,2714136634
upper_middle_income,2051,2712494075
upper_middle_income,2052,2710382487
upper_middle_income,2053,2707795251
upper_middle_income,2054,2704723048
upper_middle_income,2055,2701166740
upper_middle_income,2056,2697133855
upper_middle_income,2057,2692652276
upper_middle_income,2058,2687770097
upper_middle_income,2059,2682548613
upper_middle_income,2060,2677040578
upper_middle_income,2061,2671271501
upper_middle_income,2062,2665260258
upper_middle_income,2063,2659044890
upper_middle_income,2064,2652665210
upper_middle_income,2065,2646154157
upper_middle_income,2066,2639536603
upper_middle_income,2067,2632826327
upper_middle_income,2068,2626029757
upper_middle_income,2069,2619146511
upper_middle_income,2070,2612177779
upper_middle_income,2071,2605135890
upper_middle_income,2072,2598031971
upper_middle_income,2073,2590863465
upper_middle_income,2074,2583623752
upper_middle_income,2075,2576310228
upper_middle_income,2076,2568930077
upper_middle_income,2077,2561494709
upper_middle_income,2078,2554011480
upper_middle_income,2079,2546488697
upper_middle_income,2080,2538936585
upper_middle_income,2081,2531363148
upper_middle_income,2082,2523782167
upper_middle_income,2083,2516217321
upper_middle_income,2084,2508696904
upper_middle_income,2085,2501244935
upper_middle_income,2086,2493869616
upper_middle_income,2087,2486578548
upper_middle_income,2088,2479393335
upper_middle_income,2089,2472337879
upper_middle_income,2090,2465427852
upper_middle_income,2091,2458667047
upper_middle_income,2092,2452048649
upper_middle_income,2093,2445558252
upper_middle_income,2094,2439177188
upper_middle_income,2095,2432885756
upper_middle_income,2096,2426664233
upper_middle_income,2097,2420493553
upper_middle_income,2098,2414355501
upper_middle_income,2099,2408232491
upper_middle_income,2100,2402107596
