landlocked,year,population
coastline,1086,2449441
coastline,1087,2463492
coastline,1088,2477625
coastline,1089,2491838
coastline,1090,2506133
coastline,1091,2520510
coastline,1092,2534969
coastline,1093,2549511
coastline,1094,2564137
coastline,1095,2578847
coastline,1096,2593640
coastline,1097,2608519
coastline,1098,2623484
coastline,1099,2638534
coastline,1100,3355416
coastline,1101,2668893
coastline,1102,2684204
coastline,1103,2699602
coastline,1104,2715089
coastline,1105,2730664
coastline,1106,2746329
coastline,1107,2762084
coastline,1108,2777929
coastline,1109,2793865
coastline,1110,2809893
coastline,1111,2826012
coastline,1112,2842224
coastline,1113,2858529
coastline,1114,2874928
coastline,1115,2891420
coastline,1116,2908007
coastline,1117,2924689
coastline,1118,2941467
coastline,1119,2958342
coastline,1120,2975313
coastline,1121,2992381
coastline,1122,3009547
coastline,1123,3026812
coastline,1124,3044176
coastline,1125,3061639
coastline,1126,3079203
coastline,1127,3096867
coastline,1128,3114633
coastline,1129,3132501
coastline,1130,3150471
coastline,1131,3168544
coastline,1132,3186721
coastline,1133,3205002
coastline,1134,3223388
coastline,1135,3241880
coastline,1136,3260477
coastline,1137,3279181
coastline,1138,3297993
coastline,1139,3316912
coastline,1140,3335940
coastline,1141,3355078
coastline,1142,3374325
coastline,1143,3393682
coastline,1144,3413150
coastline,1145,3432731
coastline,1146,3452423
coastline,1147,3472228
coastline,1148,3492147
coastline,1149,3512181
coastline,1150,3532329
coastline,1151,3552593
coastline,1152,3572973
coastline,1153,3593470
coastline,1154,3614084
coastline,1155,3634817
coastline,1156,3655669
coastline,1157,3676640
coastline,1158,3697732
coastline,1159,3718945
coastline,1160,3740279
coastline,1161,3761736
coastline,1162,3783315
coastline,1163,3805019
coastline,1164,3826847
coastline,1165,3848801
coastline,1166,3870880
coastline,1167,3893086
coastline,1168,3915419
coastline,1169,3937881
coastline,1170,3960471
coastline,1171,3983191
coastline,1172,4006041
coastline,1173,4029022
coastline,1174,4052136
coastline,1175,4075381
coastline,1176,4098760
coastline,1177,4122274
coastline,1178,4145922
coastline,1179,4169706
coastline,1180,4193626
coastline,1181,4217683
coastline,1182,4241879
coastline,1183,4266213
coastline,1184,4290687
coastline,1185,4315301
coastline,1186,4340056
coastline,1187,4364954
coastline,1188,4389994
coastline,1189,4415178
coastline,1190,4440507
coastline,1191,4477272
coastline,1192,4514342
coastline,1193,4551719
coastline,1194,4589405
coastline,1195,4627403
coastline,1196,4665716
coastline,1197,4704346
coastline,1198,4743296
coastline,1199,4782568
coastline,1200,4822166
coastline,1201,4862091
coastline,1202,4902347
coastline,1203,4942936
coastline,1204,4983861
coastline,1205,5025126
coastline,1206,5066731
coastline,1207,5108682
coastline,1208,5150979
coastline,1209,5193627
coastline,1210,5236628
coastline,1211,5279985
coastline,1212,5323701
coastline,1213,5367779
coastline,1214,5412222
coastline,1215,5457032
coastline,1216,5502214
coastline,1217,5547770
coastline,1218,5593703
coastline,1219,5640016
coastline,1220,5686713
coastline,1221,5698751
coastline,1222,5710814
coastline,1223,5722902
coastline,1224,5735016
coastline,1225,5747156
coastline,1226,5759321
coastline,1227,5771512
coastline,1228,5783729
coastline,1229,5795972
coastline,1230,5808241
coastline,1231,5820536
coastline,1232,5832856
coastline,1233,5845203
coastline,1234,5857576
coastline,1235,5869975
coastline,1236,5882400
coastline,1237,5894852
coastline,1238,5907330
coastline,1239,5919835
coastline,1240,5932366
coastline,1241,5944923
coastline,1242,5957507
coastline,1243,5970118
coastline,1244,5982755
coastline,1245,5995419
coastline,1246,6008110
coastline,1247,6020828
coastline,1248,6033572
coastline,1249,6046344
coastline,1250,6059143
coastline,1251,6068803
coastline,1252,6078478
coastline,1253,6088169
coastline,1254,6097875
coastline,1255,6107597
coastline,1256,6117335
coastline,1257,6127087
coastline,1258,6136856
coastline,1259,6146640
coastline,1260,6156439
coastline,1261,6166254
coastline,1262,6176085
coastline,1263,6185932
coastline,1264,6195794
coastline,1265,6205672
coastline,1266,6215565
coastline,1267,6225475
coastline,1268,6235400
coastline,1269,6245341
coastline,1270,6255298
coastline,1271,6265271
coastline,1272,6275259
coastline,1273,6285264
coastline,1274,6295284
coastline,1275,6305321
coastline,1276,6315373
coastline,1277,6325442
coastline,1278,6335526
coastline,1279,6345627
coastline,1280,6385989
coastline,1281,6426608
coastline,1282,6467485
coastline,1283,6508622
coastline,1284,6550021
coastline,1285,6591683
coastline,1286,6633610
coastline,1287,6675804
coastline,1288,6718266
coastline,1289,6760998
coastline,1290,6804002
coastline,1291,6800543
coastline,1292,6797086
coastline,1293,6793631
coastline,1294,6790177
coastline,1295,6786725
coastline,1296,6783275
coastline,1297,6779827
coastline,1298,6776381
coastline,1299,6772936
coastline,1300,7869493
coastline,1301,6766051
coastline,1302,6762612
coastline,1303,6759174
coastline,1304,6755738
coastline,1305,6752304
coastline,1306,6748871
coastline,1307,6745440
coastline,1308,6742011
coastline,1309,6738584
coastline,1310,6735158
coastline,1311,6731735
coastline,1312,6728313
coastline,1313,6724892
coastline,1314,6721474
coastline,1315,6718057
coastline,1316,6631566
coastline,1317,6546189
coastline,1318,6461911
coastline,1319,6378718
coastline,1320,6296596
coastline,1321,6215532
coastline,1322,6135511
coastline,1323,6056520
coastline,1324,5978546
coastline,1325,5901576
coastline,1326,5941442
coastline,1327,5981577
coastline,1328,6021983
coastline,1329,6062661
coastline,1330,6103615
coastline,1331,6144845
coastline,1332,6186354
coastline,1333,6228143
coastline,1334,6270215
coastline,1335,6312570
coastline,1336,6355212
coastline,1337,6398142
coastline,1338,6441362
coastline,1339,6484874
coastline,1340,6528679
coastline,1341,6572781
coastline,1342,6617180
coastline,1343,6661880
coastline,1344,6706881
coastline,1345,6752187
coastline,1346,6797798
coastline,1347,6843718
coastline,1348,6889947
coastline,1349,6740030
coastline,1350,4571949
coastline,1351,3724296
coastline,1352,3718682
coastline,1353,3713077
coastline,1354,3707480
coastline,1355,3701891
coastline,1356,3696311
coastline,1357,3690740
coastline,1358,3685176
coastline,1359,3679621
coastline,1360,3674075
coastline,1361,3668537
coastline,1362,3663007
coastline,1363,3657486
coastline,1364,3651973
coastline,1365,3646468
coastline,1366,3640971
coastline,1367,3635483
coastline,1368,3630003
coastline,1369,3624531
coastline,1370,3619068
coastline,1371,3613613
coastline,1372,3608166
coastline,1373,3602727
coastline,1374,3597296
coastline,1375,3591874
coastline,1376,3586460
coastline,1377,3581054
coastline,1378,3552531
coastline,1379,3524236
coastline,1380,3496167
coastline,1381,3468321
coastline,1382,3440696
coastline,1383,3413292
coastline,1384,3386106
coastline,1385,3359136
coastline,1386,3332382
coastline,1387,3305840
coastline,1388,3279510
coastline,1389,3253389
coastline,1390,3227477
coastline,1391,3201771
coastline,1392,3176270
coastline,1393,3150971
coastline,1394,3125875
coastline,1395,3100978
coastline,1396,3076279
coastline,1397,3051777
coastline,1398,3027471
coastline,1399,3003358
coastline,1400,2979437
coastline,1401,2976531
coastline,1402,2973628
coastline,1403,2970728
coastline,1404,2967831
coastline,1405,2964937
coastline,1406,2962046
coastline,1407,2959157
coastline,1408,2956271
coastline,1409,2953388
coastline,1410,2950508
coastline,1411,2947631
coastline,1412,2944756
coastline,1413,3288885
coastline,1414,2939016
coastline,1415,2936150
coastline,1416,2933286
coastline,1417,2930426
coastline,1418,2927568
coastline,1419,2924713
coastline,1420,2921861
coastline,1421,2919011
coastline,1422,2916165
coastline,1423,2913321
coastline,1424,2910480
coastline,1425,2907641
coastline,1426,2904806
coastline,1427,2901973
coastline,1428,2899143
coastline,1429,2896316
coastline,1430,2893491
coastline,1431,2884645
coastline,1432,2875825
coastline,1433,2867032
coastline,1434,2858266
coastline,1435,2849527
coastline,1436,2840814
coastline,1437,2832129
coastline,1438,2823469
coastline,1439,2814837
coastline,1440,2806230
coastline,1441,2797650
coastline,1442,2789096
coastline,1443,2780569
coastline,1444,2772067
coastline,1445,2763592
coastline,1446,2755142
coastline,1447,2746718
coastline,1448,2738320
coastline,1449,2729948
coastline,1450,2721601
coastline,1451,2729647
coastline,1452,2737718
coastline,1453,2745812
coastline,1454,2753931
coastline,1455,2762073
coastline,1456,2770239
coastline,1457,2778430
coastline,1458,2786644
coastline,1459,2794883
coastline,1460,2803147
coastline,1461,2811435
coastline,1462,2819747
coastline,1463,2828084
coastline,1464,2836445
coastline,1465,2844832
coastline,1466,2853243
coastline,1467,2861679
coastline,1468,2870139
coastline,1469,2878625
coastline,1470,2887136
coastline,1471,2895672
coastline,1472,2904234
coastline,1473,2912820
coastline,1474,2921432
coastline,1475,2930070
coastline,1476,2938733
coastline,1477,2947422
coastline,1478,2956136
coastline,1479,2964876
coastline,1480,2973642
coastline,1481,2982434
coastline,1482,2991252
coastline,1483,3000096
coastline,1484,3008966
coastline,1485,3017862
coastline,1486,3026785
coastline,1487,3035734
coastline,1488,3044709
coastline,1489,3053711
coastline,1490,3062740
coastline,1491,3239795
coastline,1492,3080877
coastline,1493,3089986
coastline,1494,3099122
coastline,1495,3108285
coastline,1496,3117475
coastline,1497,3126692
coastline,1498,3135937
coastline,1499,3145208
coastline,1500,3154507
coastline,1501,3163834
coastline,1502,3173188
coastline,1503,3182570
coastline,1504,3191980
coastline,1505,3201417
coastline,1506,3210882
coastline,1507,3220376
coastline,1508,3229897
coastline,1509,3239447
coastline,1510,3249024
coastline,1511,3258630
coastline,1512,3268265
coastline,1513,3277928
coastline,1514,3287619
coastline,1515,3297340
coastline,1516,3307089
coastline,1517,3316866
coastline,1518,3326673
coastline,1519,3336509
coastline,1520,3346373
coastline,1521,3356267
coastline,1522,3366190
coastline,1523,3399281
coastline,1524,3432696
coastline,1525,3466440
coastline,1526,3500516
coastline,1527,3534927
coastline,1528,3569676
coastline,1529,3604766
coastline,1530,3640202
coastline,1531,3675986
coastline,1532,3712121
coastline,1533,3748612
coastline,1534,3785462
coastline,1535,3822673
coastline,1536,3860251
coastline,1537,3898198
coastline,1538,3936518
coastline,1539,3975214
coastline,1540,4014292
coastline,1541,4053753
coastline,1542,4077913
coastline,1543,4102217
coastline,1544,4126666
coastline,1545,4151261
coastline,1546,4176002
coastline,1547,4200891
coastline,1548,4225928
coastline,1549,4251114
coastline,1550,4276450
coastline,1551,4301938
coastline,1552,4327577
coastline,1553,4353369
coastline,1554,4379315
coastline,1555,4405815
coastline,1556,4431671
coastline,1557,4458084
coastline,1558,4484653
coastline,1559,4511382
coastline,1560,4538269
coastline,1561,4565317
coastline,1562,4592526
coastline,1563,4619897
coastline,1564,4647431
coastline,1565,4675130
coastline,1566,4702993
coastline,1567,4731023
coastline,1568,4759219
coastline,1569,4787584
coastline,1570,4816118
coastline,1571,5483822
coastline,1572,5516489
coastline,1573,5549352
coastline,1574,5582411
coastline,1575,5796096
coastline,1576,5829600
coastline,1577,5863305
coastline,1578,5897213
coastline,1579,5931326
coastline,1580,5965644
coastline,1581,6014813
coastline,1582,6064405
coastline,1583,6114427
coastline,1584,6164883
coastline,1585,6215773
coastline,1586,6267104
coastline,1587,6318882
coastline,1588,6371107
coastline,1589,6423786
coastline,1590,6476925
coastline,1591,6505215
coastline,1592,6533639
coastline,1593,6562201
coastline,1594,6590899
coastline,1595,6619733
coastline,1596,6648706
coastline,1597,6677820
coastline,1598,6707073
coastline,1599,6736470
coastline,1600,468135710
coastline,1601,468419424
coastline,1602,468705189
coastline,1603,468993025
coastline,1604,469282921
coastline,1605,469574903
coastline,1606,469868962
coastline,1607,470165107
coastline,1608,470463361
coastline,1609,470763710
coastline,1610,471066173
coastline,1611,471356669
coastline,1612,471649106
coastline,1613,471943494
coastline,1614,472239835
coastline,1615,472538137
coastline,1616,472838409
coastline,1617,473140657
coastline,1618,473444884
coastline,1619,473751107
coastline,1620,474059324
coastline,1621,474368886
coastline,1622,474680460
coastline,1623,474994046
coastline,1624,475309660
coastline,1625,475627305
coastline,1626,475946991
coastline,1627,476268726
coastline,1628,476592526
coastline,1629,476918396
coastline,1630,477246347
coastline,1631,477566702
coastline,1632,477882676
coastline,1633,478195792
coastline,1634,478516590
coastline,1635,478840646
coastline,1636,479169463
coastline,1637,479505199
coastline,1638,479844044
coastline,1639,480186104
coastline,1640,480530263
coastline,1641,480867512
coastline,1642,481201464
coastline,1643,481539670
coastline,1644,481876241
coastline,1645,482209795
coastline,1646,482558827
coastline,1647,482907433
coastline,1648,483258775
coastline,1649,483607400
coastline,1650,483933979
coastline,1651,484244634
coastline,1652,484582224
coastline,1653,484923995
coastline,1654,485273949
coastline,1655,485627038
coastline,1656,485982740
coastline,1657,486340095
coastline,1658,486642810
coastline,1659,486960728
coastline,1660,487277593
coastline,1661,487599958
coastline,1662,487914881
coastline,1663,488240725
coastline,1664,488570726
coastline,1665,488903210
coastline,1666,489232307
coastline,1667,489557586
coastline,1668,489883208
coastline,1669,490222046
coastline,1670,490564954
coastline,1671,490938553
coastline,1672,491299453
coastline,1673,491666549
coastline,1674,492027595
coastline,1675,492364421
coastline,1676,492709507
coastline,1677,493073584
coastline,1678,493440399
coastline,1679,493806109
coastline,1680,494186989
coastline,1681,494534904
coastline,1682,494884847
coastline,1683,495239638
coastline,1684,495647873
coastline,1685,496053719
coastline,1686,496464262
coastline,1687,496879051
coastline,1688,497296318
coastline,1689,497714756
coastline,1690,498124274
coastline,1691,498532751
coastline,1692,498954618
coastline,1693,499378820
coastline,1694,499798684
coastline,1695,500232124
coastline,1696,500661851
coastline,1697,501074887
coastline,1698,501493340
coastline,1699,501939562
coastline,1700,502679110
coastline,1701,504870630
coastline,1702,507082785
coastline,1703,509305127
coastline,1704,511540071
coastline,1705,513782259
coastline,1706,516034253
coastline,1707,518315062
coastline,1708,520605407
coastline,1709,522886769
coastline,1710,525121871
coastline,1711,527392597
coastline,1712,529737378
coastline,1713,532097764
coastline,1714,534473911
coastline,1715,536863647
coastline,1716,539263032
coastline,1717,541657797
coastline,1718,544087194
coastline,1719,546521767
coastline,1720,548981836
coastline,1721,551442776
coastline,1722,553909957
coastline,1723,556399549
coastline,1724,558903822
coastline,1725,561424293
coastline,1726,563962192
coastline,1727,566511380
coastline,1728,569073351
coastline,1729,571655568
coastline,1730,574264981
coastline,1731,576939725
coastline,1732,579632080
coastline,1733,582342008
coastline,1734,585068038
coastline,1735,587813620
coastline,1736,590565832
coastline,1737,593334694
coastline,1738,596137189
coastline,1739,598955152
coastline,1740,601769985
coastline,1741,604588779
coastline,1742,607415316
coastline,1743,610260635
coastline,1744,613169167
coastline,1745,616098752
coastline,1746,619040595
coastline,1747,621998619
coastline,1748,624978201
coastline,1749,627929965
coastline,1750,630945764
coastline,1751,634013446
coastline,1752,637101709
coastline,1753,640211054
coastline,1754,643344128
coastline,1755,646497206
coastline,1756,649669657
coastline,1757,652856861
coastline,1758,656059234
coastline,1759,659288356
coastline,1760,662549441
coastline,1761,665824407
coastline,1762,669116001
coastline,1763,672423482
coastline,1764,675757530
coastline,1765,679163797
coastline,1766,682551646
coastline,1767,685995916
coastline,1768,689433235
coastline,1769,692891042
coastline,1770,696373887
coastline,1771,700231229
coastline,1772,703787788
coastline,1773,707338435
coastline,1774,711107671
coastline,1775,714773282
coastline,1776,718463144
coastline,1777,722177225
coastline,1778,725916001
coastline,1779,729682296
coastline,1780,733482166
coastline,1781,737311632
coastline,1782,741158659
coastline,1783,745027763
coastline,1784,748921149
coastline,1785,752844409
coastline,1786,756798019
coastline,1787,760782730
coastline,1788,764798176
coastline,1789,768839858
coastline,1790,772904326
coastline,1791,777129738
coastline,1792,781311036
coastline,1793,785535320
coastline,1794,789791905
coastline,1795,794075954
coastline,1796,798386425
coastline,1797,802730161
coastline,1798,807109231
coastline,1799,811519629
coastline,1800,973524090
coastline,1801,977991170
coastline,1802,982494733
coastline,1803,987042168
coastline,1804,991626239
coastline,1805,996245173
coastline,1806,1000896685
coastline,1807,1005577210
coastline,1808,1010286419
coastline,1809,1015016877
coastline,1810,1019776651
coastline,1811,1024619238
coastline,1812,1029518319
coastline,1813,1034456550
coastline,1814,1039433613
coastline,1815,1044457407
coastline,1816,1049530034
coastline,1817,1054644789
coastline,1818,1059790216
coastline,1819,1064972678
coastline,1820,1070193460
coastline,1821,1077751631
coastline,1822,1085367098
coastline,1823,1093033450
coastline,1824,1100757798
coastline,1825,1108540359
coastline,1826,1116301273
coastline,1827,1124070093
coastline,1828,1131880373
coastline,1829,1139712129
coastline,1830,1147584129
coastline,1831,1152913377
coastline,1832,1158252146
coastline,1833,1163626083
coastline,1834,1168971011
coastline,1835,1174605558
coastline,1836,1180217088
coastline,1837,1185851613
coastline,1838,1191565510
coastline,1839,1197347909
coastline,1840,1203192914
coastline,1841,1208928761
coastline,1842,1214669123
coastline,1843,1220373385
coastline,1844,1226189124
coastline,1845,1232064883
coastline,1846,1237877992
coastline,1847,1243168843
coastline,1848,1248105500
coastline,1849,1253404556
coastline,1850,1258922827
coastline,1851,1261237444
coastline,1852,1263956215
coastline,1853,1266780025
coastline,1854,1269489397
coastline,1855,1272390581
coastline,1856,1275388477
coastline,1857,1278530574
coastline,1858,1281806771
coastline,1859,1285193130
coastline,1860,1288729542
coastline,1861,1293712602
coastline,1862,1298704284
coastline,1863,1303830360
coastline,1864,1309035364
coastline,1865,1314264732
coastline,1866,1319294980
coastline,1867,1324404535
coastline,1868,1329389297
coastline,1869,1335024213
coastline,1870,1339884872
coastline,1871,1348166591
coastline,1872,1357523084
coastline,1873,1367286347
coastline,1874,1377118195
coastline,1875,1386898296
coastline,1876,1397047656
coastline,1877,1407433314
coastline,1878,1417642420
coastline,1879,1428028750
coastline,1880,1438549575
coastline,1881,1449226477
coastline,1882,1459819727
coastline,1883,1470763677
coastline,1884,1481931679
coastline,1885,1493251847
coastline,1886,1504560530
coastline,1887,1515853545
coastline,1888,1527372940
coastline,1889,1538985231
coastline,1890,1551099137
coastline,1891,1563413773
coastline,1892,1576172262
coastline,1893,1588469611
coastline,1894,1601671418
coastline,1895,1615165211
coastline,1896,1628664372
coastline,1897,1642736690
coastline,1898,1656982024
coastline,1899,1671247389
coastline,1900,1685481429
coastline,1901,1701141070
coastline,1902,1717018728
coastline,1903,1732935461
coastline,1904,1749023580
coastline,1905,1765281847
coastline,1906,1781525933
coastline,1907,1797992966
coastline,1908,1814911148
coastline,1909,1832075799
coastline,1910,1849474191
coastline,1911,1869115578
coastline,1912,1888203882
coastline,1913,1907937432
coastline,1914,1924581470
coastline,1915,1938722284
coastline,1916,1952441761
coastline,1917,1965553988
coastline,1918,1977479187
coastline,1919,1986290686
coastline,1920,2002580705
coastline,1921,2016567030
coastline,1922,2031904314
coastline,1923,2049333020
coastline,1924,2068915954
coastline,1925,2088908601
coastline,1926,2109198037
coastline,1927,2129291431
coastline,1928,2149286824
coastline,1929,2168504366
coastline,1930,2190164333
coastline,1931,2213252323
coastline,1932,2235792102
coastline,1933,2258056940
coastline,1934,2279986255
coastline,1935,2302668949
coastline,1936,2325744136
coastline,1937,2351346791
coastline,1938,2377821294
coastline,1939,2405273409
coastline,1940,2428316949.7
coastline,1941,2443711271.4
coastline,1942,2460633470.1
coastline,1943,2477111847.8
coastline,1944,2493483758.5
coastline,1945,2506625894.2
coastline,1946,2524930264.9
coastline,1947,2553663649.6
coastline,1948,2584891856.3
coastline,1949,2618373643
coastline,1950,2677498702
coastline,1951,2726056912
coastline,1952,2773891580
coastline,1953,2821620094
coastline,1954,2869917342
coastline,1955,2919362288
coastline,1956,2969968610
coastline,1957,3021989542
coastline,1958,3075556842
coastline,1959,3130787357
coastline,1960,3187573903
coastline,1961,3245851550
coastline,1962,3305543931
coastline,1963,3366943715
coastline,1964,3430408722
coastline,1965,3496156711
coastline,1966,3564375497
coastline,1967,3634851060
coastline,1968,3707121607
coastline,1969,3780561461
coastline,1970,3854597977
coastline,1971,3929538778
coastline,1972,4005145949
coastline,1973,4080897035
coastline,1974,4156093968
coastline,1975,4230946058
coastline,1976,4305304241
coastline,1977,4379178029
coastline,1978,4452935839
coastline,1979,4527440947
coastline,1980,4603464059
coastline,1981,4681558911
coastline,1982,4761398573
coastline,1983,4843101590
coastline,1984,4926564658
coastline,1985,5011938361
coastline,1986,5099911323
coastline,1987,5190084554
coastline,1988,5281306824
coastline,1989,5371304368
coastline,1990,5460070356
coastline,1991,5547989736
coastline,1992,5632599361
coastline,1993,5713650060
coastline,1994,5792990863
coastline,1995,5871059055
coastline,1996,5947367804
coastline,1997,6022000946
coastline,1998,6095592728
coastline,1999,6168262675
coastline,2000,6240675838
coastline,2001,6313092973
coastline,2002,6385508554
coastline,2003,6458327552
coastline,2004,6531707745
coastline,2005,6605726789
coastline,2006,6680397142
coastline,2007,6755670393
coastline,2008,6831429850
coastline,2009,6393767686
coastline,2010,6466971401
coastline,2011,6540198655
coastline,2012,6613470900
coastline,2013,6686597139
coastline,2014,6759398266
coastline,2015,6831710970
coastline,2016,6903456215
coastline,2017,6974545757
coastline,2018,7044807853
coastline,2019,7114049811
coastline,2020,7182125015
coastline,2021,7248942035
coastline,2022,7314487347
coastline,2023,7378791172
coastline,2024,7441933106
coastline,2025,7503971984
coastline,2026,7564901457
coastline,2027,7624702580
coastline,2028,7683413407
coastline,2029,7741085342
coastline,2030,7797755749
coastline,2031,7853441312
coastline,2032,7908145416
coastline,2033,7961885551
coastline,2034,8014675547
coastline,2035,8066526241
coastline,2036,8117442691
coastline,2037,8167422722
coastline,2038,8216458685
coastline,2039,8264535523
coastline,2040,8311640273
coastline,2041,8357767588
coastline,2042,8402904707
coastline,2043,8447023229
coastline,2044,8490084648
coastline,2045,8532060220
coastline,2046,8572933354
coastline,2047,8612700157
coastline,2048,8651345523
coastline,2049,8688860210
coastline,2050,8725234444
coastline,2051,8740505987
coastline,2052,8774803501
coastline,2053,8807951070
coastline,2054,8839930680
coastline,2055,8870737015
coastline,2056,8900377300
coastline,2057,8928880800
coastline,2058,8956294315
coastline,2059,8982678489
coastline,2060,9008088712
coastline,2061,9032549385
coastline,2062,9056088568
coastline,2063,9078770261
coastline,2064,9100668113
coastline,2065,9121840600
coastline,2066,9142325416
coastline,2067,9162135011
coastline,2068,9181269832
coastline,2069,9199717110
coastline,2070,9217469922
coastline,2071,9234541540
coastline,2072,9250950991
coastline,2073,9266702617
coastline,2074,9281798786
coastline,2075,9296243804
coastline,2076,9310051426
coastline,2077,9323233701
coastline,2078,9335792052
coastline,2079,9347725366
coastline,2080,9359039230
coastline,2081,9369739500
coastline,2082,9379849277
coastline,2083,9389413145
coastline,2084,9398487168
coastline,2085,9407115666
coastline,2086,9415316268
coastline,2087,9423092921
coastline,2088,9430458199
coastline,2089,9437420788
coastline,2090,9443985574
coastline,2091,9450153724
coastline,2092,9455922576
coastline,2093,9461285795
coastline,2094,9466233137
coastline,2095,9470750532
coastline,2096,9474820020
coastline,2097,9478419750
coastline,2098,9481524063
coastline,2099,9484103323
coastline,2100,9486124080
landlocked,1600,10109297
landlocked,1601,10113803
landlocked,1602,10118316
landlocked,1603,10122838
landlocked,1604,10127367
landlocked,1605,10131903
landlocked,1606,10136447
landlocked,1607,10140999
landlocked,1608,10145560
landlocked,1609,10150126
landlocked,1610,10154702
landlocked,1611,10159286
landlocked,1612,10163878
landlocked,1613,10168476
landlocked,1614,10173083
landlocked,1615,10177697
landlocked,1616,10182319
landlocked,1617,10186950
landlocked,1618,10191588
landlocked,1619,10196234
landlocked,1620,10200888
landlocked,1621,10205550
landlocked,1622,10210221
landlocked,1623,10214899
landlocked,1624,10219585
landlocked,1625,10224278
landlocked,1626,10228980
landlocked,1627,10233690
landlocked,1628,10238408
landlocked,1629,10243134
landlocked,1630,10247869
landlocked,1631,10252610
landlocked,1632,10257361
landlocked,1633,10262120
landlocked,1634,10266887
landlocked,1635,10271662
landlocked,1636,10276444
landlocked,1637,10281235
landlocked,1638,10286035
landlocked,1639,10290841
landlocked,1640,10295658
landlocked,1641,10300482
landlocked,1642,10305314
landlocked,1643,10310154
landlocked,1644,10315003
landlocked,1645,10319859
landlocked,1646,10324726
landlocked,1647,10329599
landlocked,1648,10334481
landlocked,1649,10339372
landlocked,1650,10344270
landlocked,1651,10349177
landlocked,1652,10354093
landlocked,1653,10359017
landlocked,1654,10363949
landlocked,1655,10368890
landlocked,1656,10373839
landlocked,1657,10378797
landlocked,1658,10383763
landlocked,1659,10388738
landlocked,1660,10393722
landlocked,1661,10398713
landlocked,1662,10403713
landlocked,1663,10408722
landlocked,1664,10413740
landlocked,1665,10418765
landlocked,1666,10423801
landlocked,1667,10428844
landlocked,1668,10433896
landlocked,1669,10438956
landlocked,1670,10444026
landlocked,1671,10449103
landlocked,1672,10454190
landlocked,1673,10459286
landlocked,1674,10464390
landlocked,1675,10469502
landlocked,1676,10474625
landlocked,1677,10479756
landlocked,1678,10484895
landlocked,1679,10490042
landlocked,1680,10495199
landlocked,1681,10500364
landlocked,1682,10505540
landlocked,1683,10510723
landlocked,1684,10515916
landlocked,1685,10521117
landlocked,1686,10526327
landlocked,1687,10531545
landlocked,1688,10536775
landlocked,1689,10542011
landlocked,1690,10547258
landlocked,1691,10552512
landlocked,1692,10557776
landlocked,1693,10563049
landlocked,1694,10568331
landlocked,1695,10573623
landlocked,1696,10578923
landlocked,1697,10584233
landlocked,1698,10589551
landlocked,1699,10594880
landlocked,1700,10600216
landlocked,1701,10645417
landlocked,1702,10690854
landlocked,1703,10736529
landlocked,1704,10782440
landlocked,1705,10828592
landlocked,1706,10874986
landlocked,1707,10921623
landlocked,1708,10968505
landlocked,1709,11015631
landlocked,1710,11063006
landlocked,1711,11110630
landlocked,1712,11158503
landlocked,1713,11206628
landlocked,1714,11255007
landlocked,1715,11303643
landlocked,1716,11352534
landlocked,1717,11401684
landlocked,1718,11451095
landlocked,1719,11500766
landlocked,1720,11550699
landlocked,1721,11600900
landlocked,1722,11651366
landlocked,1723,11702101
landlocked,1724,11753106
landlocked,1725,11804380
landlocked,1726,11855930
landlocked,1727,11907754
landlocked,1728,11959855
landlocked,1729,12012234
landlocked,1730,12064894
landlocked,1731,12117835
landlocked,1732,12171059
landlocked,1733,12224571
landlocked,1734,12278368
landlocked,1735,12332455
landlocked,1736,12386833
landlocked,1737,12441504
landlocked,1738,12496469
landlocked,1739,12551731
landlocked,1740,12607291
landlocked,1741,12663152
landlocked,1742,12719314
landlocked,1743,12775781
landlocked,1744,12832553
landlocked,1745,12889633
landlocked,1746,12947024
landlocked,1747,13004727
landlocked,1748,13062743
landlocked,1749,13121075
landlocked,1750,13179726
landlocked,1751,13238695
landlocked,1752,13297987
landlocked,1753,13357603
landlocked,1754,13417545
landlocked,1755,13477815
landlocked,1756,13538415
landlocked,1757,13599348
landlocked,1758,13660615
landlocked,1759,13722219
landlocked,1760,13784163
landlocked,1761,13846447
landlocked,1762,13909075
landlocked,1763,13972046
landlocked,1764,14035368
landlocked,1765,14099037
landlocked,1766,14163059
landlocked,1767,14227437
landlocked,1768,14292170
landlocked,1769,14357262
landlocked,1770,14422716
landlocked,1771,14488534
landlocked,1772,14554717
landlocked,1773,14621270
landlocked,1774,14688193
landlocked,1775,14755491
landlocked,1776,14823162
landlocked,1777,14891212
landlocked,1778,14959642
landlocked,1779,15028456
landlocked,1780,15097655
landlocked,1781,15167243
landlocked,1782,15237221
landlocked,1783,15307592
landlocked,1784,15378359
landlocked,1785,15449524
landlocked,1786,15521091
landlocked,1787,15593061
landlocked,1788,15665436
landlocked,1789,15738222
landlocked,1790,15811418
landlocked,1791,15885030
landlocked,1792,15959057
landlocked,1793,16033505
landlocked,1794,16108375
landlocked,1795,16183671
landlocked,1796,16259396
landlocked,1797,16335550
landlocked,1798,16412138
landlocked,1799,16489164
landlocked,1800,66742002
landlocked,1801,66819909
landlocked,1802,66898262
landlocked,1803,66977065
landlocked,1804,67056315
landlocked,1805,67136022
landlocked,1806,67216187
landlocked,1807,67296812
landlocked,1808,67377901
landlocked,1809,67459456
landlocked,1810,67541480
landlocked,1811,67623978
landlocked,1812,67706951
landlocked,1813,67790404
landlocked,1814,67874339
landlocked,1815,67958760
landlocked,1816,68043669
landlocked,1817,68129070
landlocked,1818,68214969
landlocked,1819,68301365
landlocked,1820,68388263
landlocked,1821,68807849
landlocked,1822,69227318
landlocked,1823,69652703
landlocked,1824,70080030
landlocked,1825,70509310
landlocked,1826,70943585
landlocked,1827,71379874
landlocked,1828,71821200
landlocked,1829,72263598
landlocked,1830,72710092
landlocked,1831,73159710
landlocked,1832,73612476
landlocked,1833,74068427
landlocked,1834,74528581
landlocked,1835,74991969
landlocked,1836,75428628
landlocked,1837,75928580
landlocked,1838,76401856
landlocked,1839,76879491
landlocked,1840,77359510
landlocked,1841,77850948
landlocked,1842,78346838
landlocked,1843,78845201
landlocked,1844,79348086
landlocked,1845,79854512
landlocked,1846,80365520
landlocked,1847,80879136
landlocked,1848,81397406
landlocked,1849,81920353
landlocked,1850,82446019
landlocked,1851,82952478
landlocked,1852,83449158
landlocked,1853,83949085
landlocked,1854,84460287
landlocked,1855,84975784
landlocked,1856,85493598
landlocked,1857,86015763
landlocked,1858,86538300
landlocked,1859,87064240
landlocked,1860,87594604
landlocked,1861,88128419
landlocked,1862,88666707
landlocked,1863,89208502
landlocked,1864,89753831
landlocked,1865,90302717
landlocked,1866,90855188
landlocked,1867,91412276
landlocked,1868,91974999
landlocked,1869,92541396
landlocked,1870,93102486
landlocked,1871,93713524
landlocked,1872,94320516
landlocked,1873,94932497
landlocked,1874,95548506
landlocked,1875,96167567
landlocked,1876,96791711
landlocked,1877,97420980
landlocked,1878,98052398
landlocked,1879,98688998
landlocked,1880,99329818
landlocked,1881,99972890
landlocked,1882,100617252
landlocked,1883,101266930
landlocked,1884,101921959
landlocked,1885,102580377
landlocked,1886,103244223
landlocked,1887,103911526
landlocked,1888,104584321
landlocked,1889,105260649
landlocked,1890,105942542
landlocked,1891,106660490
landlocked,1892,107412477
landlocked,1893,108171528
landlocked,1894,108934706
landlocked,1895,109702037
landlocked,1896,110475565
landlocked,1897,111254335
landlocked,1898,112038395
landlocked,1899,112827788
landlocked,1900,113621549
landlocked,1901,114447489
landlocked,1902,115303302
landlocked,1903,116168080
landlocked,1904,117037879
landlocked,1905,117872572
landlocked,1906,118824650
landlocked,1907,119728193
landlocked,1908,120638263
landlocked,1909,121556929
landlocked,1910,122481271
landlocked,1911,123410492
landlocked,1912,124344162
landlocked,1913,125275611
landlocked,1914,126070263
landlocked,1915,126824255
landlocked,1916,127543650
landlocked,1917,128254516
landlocked,1918,128940912
landlocked,1919,129383900
landlocked,1920,130194554
landlocked,1921,131133655
landlocked,1922,132231070
landlocked,1923,133318902
landlocked,1924,134398270
landlocked,1925,135501291
landlocked,1926,136622084
landlocked,1927,137756552
landlocked,1928,138900271
landlocked,1929,140053459
landlocked,1930,141219366
landlocked,1931,142416234
landlocked,1932,143558361
landlocked,1933,144704209
landlocked,1934,145846911
landlocked,1935,146969618
landlocked,1936,148084468
landlocked,1937,149275081
landlocked,1938,150611814
landlocked,1939,151771918
landlocked,1940,153242725.3
landlocked,1941,154649428.6
landlocked,1942,156017297.9
landlocked,1943,157440622.2
landlocked,1944,158987683.5
landlocked,1945,159472780.8
landlocked,1946,160020213.1
landlocked,1947,160907206.4
landlocked,1948,162809306.7
landlocked,1949,164584446
landlocked,1950,165998339
landlocked,1951,168626892
landlocked,1952,171390164
landlocked,1953,174285872
landlocked,1954,177288378
landlocked,1955,180398797
landlocked,1956,183560340
landlocked,1957,186812087
landlocked,1958,190152765
landlocked,1959,193597057
landlocked,1960,197159658
landlocked,1961,200893678
landlocked,1962,204705292
landlocked,1963,208625394
landlocked,1964,212615765
landlocked,1965,216645772
landlocked,1966,220688419
landlocked,1967,224731376
landlocked,1968,228821158
landlocked,1969,232902594
landlocked,1970,237148356
landlocked,1971,241528433
landlocked,1972,246017338
landlocked,1973,250593794
landlocked,1974,255248283
landlocked,1975,259950109
landlocked,1976,264692241
landlocked,1977,269482265
landlocked,1978,274292177
landlocked,1979,279095764
landlocked,1980,283942077
landlocked,1981,288613639
landlocked,1982,293302074
landlocked,1983,298078690
landlocked,1984,303046138
landlocked,1985,308391118
landlocked,1986,314108188
landlocked,1987,320142618
landlocked,1988,326415788
landlocked,1989,332768520
landlocked,1990,339080632
landlocked,1991,345428504
landlocked,1992,351800730
landlocked,1993,358162944
landlocked,1994,364498426
landlocked,1995,370799068
landlocked,1996,377058399
landlocked,1997,383310464
landlocked,1998,389639535
landlocked,1999,396157749
landlocked,2000,402954272
landlocked,2001,410068825
landlocked,2002,417500223
landlocked,2003,425248941
landlocked,2004,433301898
landlocked,2005,441651408
landlocked,2006,450293831
landlocked,2007,459244950
landlocked,2008,468515201
landlocked,2009,452597563
landlocked,2010,462615364
landlocked,2011,473038000
landlocked,2012,483833945
landlocked,2013,494923723
landlocked,2014,506199136
landlocked,2015,517579305
landlocked,2016,529032958
landlocked,2017,540571153
landlocked,2018,552207467
landlocked,2019,563972259
landlocked,2020,575887613
landlocked,2021,587951455
landlocked,2022,600151302
landlocked,2023,612488146
landlocked,2024,624963136
landlocked,2025,637577813
landlocked,2026,650332412
landlocked,2027,663229141
landlocked,2028,676273930
landlocked,2029,689474281
landlocked,2030,702835625
landlocked,2031,716358691
landlocked,2032,730042106
landlocked,2033,743886182
landlocked,2034,757890651
landlocked,2035,772053975
landlocked,2036,786373599
landlocked,2037,800845250
landlocked,2038,815462937
landlocked,2039,830219315
landlocked,2040,845106683
landlocked,2041,860119521
landlocked,2042,875250612
landlocked,2043,890488096
landlocked,2044,905818285
landlocked,2045,921229048
landlocked,2046,936711793
landlocked,2047,952259982
landlocked,2048,967866053
landlocked,2049,983523015
landlocked,2050,999223998
landlocked,2051,1014961930
landlocked,2052,1030729819
landlocked,2053,1046521209
landlocked,2054,1062329917
landlocked,2055,1078149978
landlocked,2056,1093975345
landlocked,2057,1109800473
landlocked,2058,1125620810
landlocked,2059,1141432291
landlocked,2060,1157230639
landlocked,2061,1173010553
landlocked,2062,1188766768
landlocked,2063,1204495102
landlocked,2064,1220191638
landlocked,2065,1235852051
landlocked,2066,1251470730
landlocked,2067,1267041910
landlocked,2068,1282560757
landlocked,2069,1298022521
landlocked,2070,1313421753
landlocked,2071,1328753284
landlocked,2072,1344010042
landlocked,2073,1359182303
landlocked,2074,1374258997
landlocked,2075,1389230386
landlocked,2076,1404089424
landlocked,2077,1418830933
landlocked,2078,1433449447
landlocked,2079,1447940179
landlocked,2080,1462298281
landlocked,2081,1476518279
landlocked,2082,1490594647
landlocked,2083,1504522637
landlocked,2084,1518297762
landlocked,2085,1531915599
landlocked,2086,1545371464
landlocked,2087,1558660904
landlocked,2088,1571780133
landlocked,2089,1584725614
landlocked,2090,1597493689
landlocked,2091,1610080415
landlocked,2092,1622481609
landlocked,2093,1634692971
landlocked,2094,1646710228
landlocked,2095,1658529243
landlocked,2096,1670146073
landlocked,2097,1681556996
landlocked,2098,1692758488
landlocked,2099,1703747242
landlocked,2100,1714520184
